hospital_name,institution_type,specialty,departments,address,sido,sigungu,dong,phone,website,email,representative,bed_count,doctor_count,established_date,ykiho,source
세라미크의원 강남,"병원,의원>피부과",피부과,피부과,서울특별시 강남구 봉은사로2길 29 B1층~5층,서울특별시,강남구,봉은사로2길,,https://www.gangnam.ceramiqueclinic.com,,,,,,,naver
엔디어트의원,"병원,의원>피부과",피부과,피부과,"서울특별시 강남구 압구정로28길 48 참빌딩 2, 4층",서울특별시,강남구,압구정로28길,,https://pf.kakao.com/_MaxoxcG,,,,,,,naver
데이뷰의원 강남점,"병원,의원>피부과",피부과,피부과,서울특별시 강남구 강남대로 494,서울특별시,강남구,강남대로,,https://www.instagram.com/daybeauclinic_gangnam,,,,,,,naver
메이드유의원 강남본점,"병원,의원>피부과",피부과,피부과,"서울특별시 강남구 강남대로 516 메이드유빌딩 2층, 3층, 4층",서울특별시,강남구,강남대로,,http://www.madeu.co.kr/,,,,,,,naver
어린공주성형외과의원,"병원,의원>성형외과",피부과,피부과,서울특별시 강남구 도산대로 110 KBL빌딩 4층 어린공주성형외과,서울특별시,강남구,도산대로,,http://www.lpps.co.kr,,,,,,,naver
제너리스의원 천호점,"병원,의원>피부과",피부과,피부과,서울특별시 강동구 올림픽로 658 2층 201호,서울특별시,강동구,올림픽로,,https://www.youtube.com/@dr.dragon5810,yt-support-solutions-kr@google.com,제너리스,,,,,naver
도약한의원,"병원,의원>한의원",피부과,피부과,서울특별시 강동구 올림픽로 659 쌍용플래티넘리버 2층 도약한의원,서울특별시,강동구,올림픽로,,https://www.doyakhani.co.kr/,,,,,,,naver
유앤아이의원 천호점,"병원,의원>피부과",피부과,피부과,서울특별시 강동구 천호대로 1024 지하1층,서울특별시,강동구,천호대로,,https://www.chuni114.co.kr/m/reservation,,진료,,,,,naver
디에스타의원 강동천호,"병원,의원>피부과",피부과,피부과,서울특별시 강동구 천호대로 1053 이안강동컴홈스테이1차 304호,서울특별시,강동구,천호대로,,https://ch.diesta.co.kr/,,강병조,,,,,naver
경희늘생한의원,"병원,의원>한의원",피부과,피부과,서울특별시 강동구 천호대로 1123 건영빌딩 3층,서울특별시,강동구,천호대로,,https://blog.naver.com/neulseng,,,,,,,naver
바로굿정형외과의원,"병원,의원>정형외과",피부과,피부과,서울특별시 강북구 도봉로 333,서울특별시,강북구,도봉로,,http://www.barogood.co.kr,,문지호입,,,,,naver
수유늘찬한의원,"병원,의원>한의원",피부과,피부과,"서울특별시 강북구 도봉로 352 205호, 206호,201호, 212-1호",서울특별시,강북구,도봉로,,https://blog.naver.com/bamboo_hani,,,,,,,naver
설정형외과의원 미아,"병원,의원>정형외과",피부과,피부과,서울특별시 강북구 도봉로 52 6층,서울특별시,강북구,도봉로,,http://www.drseol.com/index.html,,,,,,,naver
청풍한의원,"병원,의원>한의원",피부과,피부과,서울특별시 강북구 도봉로 375 3층,서울특별시,강북구,도봉로,,http://www.cphanbang.com,,,,,,,naver
경희동행한의원 수유,"병원,의원>한의원",피부과,피부과,서울특별시 강북구 도봉로 358 2층 202호,서울특별시,강북구,도봉로,,http://khdhhani1.com/,khdh0411@naver.com,박상용,,,,,naver
데이뷰의원 강서발산점,"병원,의원>피부과",피부과,피부과,서울특별시 강서구 강서로 399 마곡 하이마루 1층 데이뷰의원,서울특별시,강서구,강서로,,https://daybeauclinic01.com/branch/,dilis109@naver.com,하성종,,,,,naver
차앤유의원,"병원,의원>피부과",피부과,피부과,서울특별시 강서구 양천로 452 예다인 B동 2층,서울특별시,강서구,양천로,,http://www.cnuclinic.co.kr/,,,,,,,naver
뷰티온의원 마곡점,"병원,의원>피부과",피부과,피부과,"서울특별시 강서구 마곡중앙6로 93 8층 801호, 802호, 803호",서울특별시,강서구,마곡중앙6로,,https://gangseo.beautyon.co.kr/,beautyonmd@gmail.com,김지민,,,,,naver
연세나눔의원,"병원,의원>피부과",피부과,피부과,서울특별시 강서구 공항대로 164 5층 504호,서울특별시,강서구,공항대로,,https://www.shareclinic.com/,ilggn@naver.com,서동훈,,,,,naver
톤즈의원 강서발산점,"병원,의원>피부과",피부과,피부과,서울특별시 강서구 강서로52길 43 2층 톤즈의원 강서발산점,서울특별시,강서구,강서로52길,,https://www.riel-clinic.com/,webtick@gmail.com,스스로,,,,,naver
라마르의원 서울대입구역,"병원,의원>피부과",피부과,피부과,서울특별시 관악구 관악로 203 엔젤빌딩 501호,서울특별시,관악구,관악로,,https://blog.naver.com/snulamar,,,,,,,naver
본아한의원 관악,"병원,의원>한의원",피부과,피부과,서울특별시 관악구 남부순환로 1619-1 2층,서울특별시,관악구,남부순환로,,https://bonadamjeok.imweb.me/,,지현우,,,,,naver
365열린한의원,"병원,의원>한의원",피부과,피부과,서울특별시 관악구 양녕로 58 고운빌딩 302호,서울특별시,관악구,양녕로,,https://blog.naver.com/wonofhan,,,,,,,naver
미올한방병원 강남본점,"건강,의료>한방병원",피부과,피부과,"서울특별시 관악구 남부순환로 1814 대연빌딩 1, 2, 6층",서울특별시,관악구,남부순환로,,https://miall-h.co.kr/,,원장,,,,,naver
구앤장 마취통증의학과피부과의원,"병원,의원>정형외과",피부과,피부과,서울특별시 관악구 남부순환로 1805 201호,서울특별시,관악구,남부순환로,,https://kncpain.com/,,연세대,,,,,naver
데이뷰의원 건대입구역,"병원,의원>피부과",피부과,피부과,서울특별시 광진구 동일로20길 106 로데오프라자 1층,서울특별시,광진구,동일로20길,,http://pf.kakao.com/_kzxmxfG/chat,,,,,,,naver
톤즈의원 건대입구역,"병원,의원>피부과",피부과,피부과,서울특별시 광진구 아차산로 212 더포디움830 206-209호,서울특별시,광진구,아차산로,,https://www.tonesclinic.co.kr/geondae?lang=ko,,원장의,,,,,naver
동감한의원 건대,"병원,의원>한의원",피부과,피부과,서울특별시 광진구 아차산로 201 동성빌딩 2층,서울특별시,광진구,아차산로,,http://www.dgherb.co.kr/,,,,,,,naver
건대 톡스앤필의원,"병원,의원>피부과",피부과,피부과,"서울특별시 광진구 아차산로 237 삼진빌딩 3층, 5층",서울특별시,광진구,아차산로,,http://www.toxnfill6.com/,bbg@bbgnetworks.com,피부,,,,,naver
유앤아이의원 건대점,"병원,의원>피부과",피부과,피부과,서울특별시 광진구 아차산로 219 2층,서울특별시,광진구,아차산로,,https://www.kduni114.co.kr/,mdvision@nate.com,이수민,,,,,naver
좋은아침한의원 구로디지털점,"병원,의원>한의원",피부과,피부과,서울특별시 구로구 디지털로 285 201호,서울특별시,구로구,디지털로,,http://www.goodmclinic.com/,,,,,,,naver
참맑은한의원,"병원,의원>한의원",피부과,피부과,서울특별시 구로구 디지털로 288 2층 210호,서울특별시,구로구,디지털로,,https://blog.naver.com/charm-hani,,,,,,,naver
나비에스한의원,"병원,의원>한의원",피부과,피부과,서울특별시 구로구 디지털로31길 20 에이스테크노타워5차 205호,서울특별시,구로구,디지털로31길,,http://nabyes.co.kr/,,,,,,,naver
고은경희한의원 구로,"병원,의원>한의원",피부과,피부과,서울특별시 구로구 디지털로34길 43 코오롱싸이언스밸리 1차 205호,서울특별시,구로구,디지털로34길,,https://www.youtube.com/@koeun_star,yt-support-solutions-kr@google.com,,,,,,naver
근본한의원,"병원,의원>한의원",피부과,피부과,서울특별시 구로구 신도림로19길 7 2층 근본한의원,서울특별시,구로구,신도림로19길,,http://www.basichani.net,,,,,,,naver
해득금천한의원,"병원,의원>한의원",피부과,피부과,"서울특별시 금천구 금하로 631 2층, 3층",서울특별시,금천구,금하로,,https://haedeuk-geumcheon.com/,,,,,,,naver
하늘마음한의원 금천가산점,"병원,의원>한의원",피부과,피부과,서울특별시 금천구 벚꽃로 286 리더스 타워 2층,서울특별시,금천구,벚꽃로,,http://skin8575.com/07_Network/07_01_01_new.php?idx=12,,,,,,,naver
서울에스마취통증의학과의원 가산,"병원,의원>정형외과",피부과,피부과,서울특별시 금천구 가산디지털1로 168 우림라이온스밸리 A동 402호,서울특별시,금천구,가산디지털1로,,https://blog.naver.com/letybo,,,,,,,naver
본라인한의원 가산,"병원,의원>한의원",피부과,피부과,서울특별시 금천구 가산디지털1로 131 BYC하이시티 1층 120호,서울특별시,금천구,가산디지털1로,,http://boneline.kr,alexander89k@naver.com,박장군,,,,,naver
보담한의원,"병원,의원>한의원",피부과,피부과,서울특별시 금천구 가산디지털1로 186 제이플라츠 2층,서울특별시,금천구,가산디지털1로,,http://www.bodamhani.com,,,,,,,naver
생기한의원 노원,"병원,의원>한의원",피부과,피부과,서울특별시 노원구 노해로81길 5-6 노원스퀘어 4층,서울특별시,노원구,노해로81길,,https://blog.naver.com/tabasa336,,,,,,,naver
선명한의원 노원,"병원,의원>한의원",피부과,피부과,"서울특별시 노원구 동일로 1350 2층 202호, 203호",서울특별시,노원구,동일로,,https://blog.naver.com/smomc,,,,,,,naver
셀린의원 노원점,"병원,의원>피부과",피부과,피부과,서울특별시 노원구 노해로 447 태웅빌딩 4층,서울특별시,노원구,노해로,,https://www.cellinclinic11.com/,webtick@gmail.com,,,,,,naver
닥터쁘띠의원 노원,"병원,의원>피부과",피부과,피부과,서울특별시 노원구 동일로 1396 중원빌딩 3층,서울특별시,노원구,동일로,,http://pf.kakao.com/_PpTxil,,,,,,,naver
오아로피부과의원 노원본점,"병원,의원>피부과",피부과,피부과,서울특별시 노원구 노해로 507 와우쇼핑몰 4층,서울특별시,노원구,노해로,,https://blog.naver.com/oaro2018,,,,,,,naver
도봉예감한의원,"병원,의원>한의원",피부과,피부과,서울특별시 도봉구 도당로 10 LG트윈빌 2층 203호,서울특별시,도봉구,도당로,,https://blog.naver.com/eorua113,,,,,,,naver
자향한방병원 도봉구,"건강,의료>한방병원",피부과,피부과,서울특별시 도봉구 덕릉로 215 3층~7층,서울특별시,도봉구,덕릉로,,http://jahyanghospital.com,,인사말,,,,,naver
경희신맥한의원 창동본원,"병원,의원>한의원",피부과,피부과,서울특별시 도봉구 노해로63길 78 신원빌딩 3층 경희신맥한의원,서울특별시,도봉구,노해로63길,,https://www.khshinmaek.co.kr/,,안세호,,,,,naver
서울정형외과의원,"병원,의원>정형외과",피부과,피부과,서울특별시 도봉구 마들로 684 안세빌딩,서울특별시,도봉구,마들로,,https://blog.naver.com/seoul_hospital,,,,,,,naver
한일병원,"건강,의료>종합병원",피부과,피부과,서울특별시 도봉구 우이천로 308 한일병원,서울특별시,도봉구,우이천로,,https://www.hanilmed.net/,insa@hanilmed.net,인사말,,,,,naver
블리비의원 청량리점,"병원,의원>피부과",피부과,피부과,서울특별시 동대문구 왕산로 190 2층,서울특별시,동대문구,왕산로,,http://www.velyb.kr,,,,,,,naver
린여성병원,"병원,의원>산부인과",피부과,피부과,서울특별시 동대문구 답십리로 266,서울특별시,동대문구,답십리로,,https://www.youtube.com/@lin-cider,yt-support-solutions-kr@google.com,,,,,,naver
365매일한방병원 동대문,"건강,의료>한방병원",피부과,피부과,서울특별시 동대문구 천호대로 3 1층,서울특별시,동대문구,천호대로,,https://ddm.365maeil.com,webtick@gmail.com,,,,,,naver
뷰티크의원 청량리,"병원,의원>피부과",피부과,피부과,서울특별시 동대문구 왕산로 168 9층,서울특별시,동대문구,왕산로,,https://beautyqueclinic2.com/?utm_source=naver&utm_medium=referral&utm_campaign=PL_CN,beautyquecnn@naver.com,심재하,,,,,naver
삼육서울병원,"건강,의료>종합병원",피부과,피부과,서울특별시 동대문구 망우로 82,서울특별시,동대문구,망우로,,http://www.symcs.co.kr,"sahtre@naver.com, symcirb@naver.com",인사말,,,,,naver
약수부부한의원,"병원,의원>한의원",피부과,피부과,서울특별시 동작구 양녕로 182 1~3층,서울특별시,동작구,양녕로,,https://blog.naver.com/yaksububu,,,,,,,naver
동작에스엔재활의학과의원,"병원,의원>정형외과",피부과,피부과,서울특별시 동작구 국사봉1길 32 성대빌딩 2층 동작에스앤재활의학과,서울특별시,동작구,국사봉1길,,http://djsnpmr.com,,약력,,,,,naver
척척박사한의원 노량진 본원,"병원,의원>한의원",피부과,피부과,서울특별시 동작구 만양로 98 1층,서울특별시,동작구,만양로,,https://blog.naver.com/dntlo,,,,,,,naver
이화사랑피부과의원,"병원,의원>피부과",피부과,피부과,서울특별시 동작구 양녕로38길 2 2층,서울특별시,동작구,양녕로38길,,http://www.ewhaskin.co.kr,,인사말,,,,,naver
서울특별시보라매병원,"건강,의료>종합병원",피부과,피부과,서울특별시 동작구 보라매로5길 20 서울특별시보라매병원,서울특별시,동작구,보라매로5길,,http://www.brmh.org/,,인사말,,,,,naver
데이뷰의원 마포홍대입구역,"병원,의원>피부과",피부과,피부과,서울특별시 마포구 양화로 165 상진빌딩 4층 데이뷰의원,서울특별시,마포구,양화로,,https://daybeauclinic02.com/branch/,dilis109@naver.com,김동영,,,,,naver
클림의원 홍대점,"병원,의원>피부과",피부과,피부과,"서울특별시 마포구 양화로 141 3층(동교동, L7홍대)",서울특별시,마포구,양화로,,https://www.instagram.com/kleam_clinic_official/,,,,,,,naver
유앤미의원 홍대입구역,"병원,의원>피부과",피부과,피부과,서울특별시 마포구 양화로 165 14층 유앤미의원,서울특별시,마포구,양화로,,https://linktr.ee/hdyounmeclinic,,,,,,,naver
오블리주의원 홍대,"병원,의원>피부과",피부과,피부과,서울특별시 마포구 양화로 165 상진빌딩 11층,서울특별시,마포구,양화로,,https://booking.naver.com/booking/13/bizes/167377?area=pll,"myongbin@docfriends.com, scme5541@naver.com",,,,,,naver
로바에의원 홍대,"병원,의원>피부과",피부과,피부과,서울특별시 마포구 양화로 165 7층,서울특별시,마포구,양화로,,http://lovaeclinic.co.kr/,,박서영,,,,,naver
세브란스병원,"건강,의료>종합병원",피부과,피부과,서울특별시 서대문구 연세로 50-1,서울특별시,서대문구,연세로,,https://sev.severance.healthcare/sev/index.do,,인사말,,,,,naver
홍제으뜸경희한의원,"병원,의원>한의원",피부과,피부과,서울특별시 서대문구 세무서길 11 1층 홍제으뜸경희한의원,서울특별시,서대문구,세무서길,,http://pf.kakao.com/_xjdxbHG,,,,,,,naver
연세스타피부과의원,"병원,의원>피부과",피부과,피부과,서울특별시 서대문구 신촌로 73 테라운드 6층,서울특별시,서대문구,신촌로,,http://www.yonseistar.co.kr/,,피부과전,,,,,naver
홍제온한의원,"병원,의원>한의원",피부과,피부과,서울특별시 서대문구 통일로 437 1층,서울특별시,서대문구,통일로,,https://www.youtube.com/watch?v=y-Mw2sNRhK0,yt-support-solutions-kr@google.com,,,,,,naver
해나무한의원 서대문,"병원,의원>한의원",피부과,피부과,서울특별시 서대문구 증가로 150 DMC센트럴아이파크 상가동 B201호,서울특별시,서대문구,증가로,,https://blog.naver.com/dr_suntree,,,,,,,naver
미의원 강남본점,"병원,의원>피부과",피부과,피부과,서울특별시 서초구 서초대로77길 9 강남 누드죤빌딩 12층,서울특별시,서초구,서초대로77길,,https://mecl2.com/,,,,,,,naver
하늘마음한의원 서초강남점,"병원,의원>한의원",피부과,피부과,서울특별시 서초구 반포대로 96 석정빌딩 2층,서울특별시,서초구,반포대로,,http://skin8575.com/index.php,,,,,,,naver
톡스앤필의원 강남,"병원,의원>피부과",피부과,피부과,"서울특별시 서초구 강남대로 415 대동빌딩 10, 11층 톡스앤필의원 강남",서울특별시,서초구,강남대로,,http://www.toxnfill1.com/eventServiceInfo.php?c=2833,bbg@bbgnetworks.com,피부,,,,,naver
이비안한의원,"병원,의원>한의원",피부과,피부과,서울특별시 서초구 강남대로 363 강남타워 3층,서울특별시,서초구,강남대로,,http://ebian.co.kr/,,이미지,,,,,naver
여름의원 강남,"병원,의원>피부과",피부과,피부과,서울특별시 서초구 강남대로 407 OPUS407 10층 여름의원,서울특별시,서초구,강남대로,,http://pf.kakao.com/_Pxgwxob/chat,,,,,,,naver
한양대학교병원,"건강,의료>종합병원",피부과,피부과,서울특별시 성동구 왕십리로 222-1,서울특별시,성동구,왕십리로,,https://youtube.com/user/HYUnivMedical,"hyumc50@gmail.com, yt-support-solutions-kr@google.com",,,,,,naver
파스텔휴먼피부과의원,"병원,의원>피부과",피부과,피부과,"서울특별시 성동구 왕십리로 410 센트라스 상가 L동 2층 224, 225, 226",서울특별시,성동구,왕십리로,,http://pastelskin.com/,,,,,,,naver
왕십리 닥터쁘띠의원,"병원,의원>피부과",피부과,피부과,서울특별시 성동구 왕십리로 320 2층 203호,서울특별시,성동구,왕십리로,,https://pf.kakao.com/_YLgpG,,,,,,,naver
초이스한의원,"병원,의원>한의원",피부과,피부과,서울특별시 성동구 고산자로 207 3층 초이스한의원,서울특별시,성동구,고산자로,,https://blog.naver.com/choice_h22,,,,,,,naver
365다움의원,"병원,의원>피부과",피부과,피부과,서울특별시 성동구 왕십리광장로 17 왕십리민자역사 비트플렉스 4층 365다움의원,서울특별시,성동구,왕십리광장로,,https://blog.naver.com/dawoomcl,,,,,,,naver
성북미올한방병원,"건강,의료>한방병원",피부과,피부과,"서울특별시 성북구 동소문로 106 유타몰 8층, 9층",서울특별시,성북구,동소문로,,http://www.miallh-sb.co.kr/,,원장,,,,,naver
돈암고운세상피부과의원,"병원,의원>피부과",피부과,피부과,서울특별시 성북구 동소문로 97 4층,서울특별시,성북구,동소문로,,http://www.gowoonss.com/donam,,아카데미,,,,,naver
모두탑365정형외과의원 성신여대입구역,"병원,의원>정형외과",피부과,피부과,"서울특별시 성북구 아리랑로 7 농협 건물 2층, 4층",서울특별시,성북구,아리랑로,,https://modutop-sswu.co.kr/,,,,,,,naver
듀오피부과의원,"병원,의원>피부과",피부과,피부과,서울특별시 성북구 동소문로 106 유타몰 6층,서울특별시,성북구,동소문로,,http://www.duoclinic.co.kr/,,,,,,,naver
메이퓨어의원 미아점,"병원,의원>피부과",피부과,피부과,서울특별시 성북구 동소문로 314 부영빌딩 4층,서울특별시,성북구,동소문로,,https://www.maypureclinic.com/ko/,,,,,,,naver
서울아산병원,"건강,의료>종합병원",피부과,피부과,서울특별시 송파구 올림픽로43길 88 서울아산병원,서울특별시,송파구,올림픽로43길,,http://www.amc.seoul.kr/,mcc@amc.seoul.kr,,,,,,naver
메이린의원 잠실롯데호텔,"병원,의원>피부과",피부과,피부과,서울특별시 송파구 올림픽로 240 롯데호텔 지하1층,서울특별시,송파구,올림픽로,,https://blog.naver.com/sue202111,,,,,,,naver
잠실 애슬리의원,"병원,의원>피부과",피부과,피부과,서울특별시 송파구 오금로 81 송파빌딩 15층 애슬리클리닉,서울특별시,송파구,오금로,,https://athleyclinic.com,,조운영,,,,,naver
노바피부과의원,"병원,의원>피부과",피부과,피부과,서울특별시 송파구 오금로 507 거여빌딩 5층,서울특별시,송파구,오금로,,https://blog.naver.com/novaskin777,,,,,,,naver
G5연합의원,"병원,의원>피부과",피부과,피부과,"서울특별시 송파구 충민로 52 3층 S-305, 306호",서울특별시,송파구,충민로,,http://g5clinic.com,,,,,,,naver
포미즈여성병원,"병원,의원>산부인과",피부과,피부과,서울특별시 양천구 공항대로 610 포미즈여성병원,서울특별시,양천구,공항대로,,http://www.iformiz.co.kr/,,,,,,,naver
닥터에버스의원 목동,"병원,의원>피부과",피부과,피부과,서울특별시 양천구 목동로 203 로데오빌딩 2층 1호,서울특별시,양천구,목동로,,https://evers10.co.kr/,,안성희,,,,,naver
경희아이큐한의원,"병원,의원>한의원",피부과,피부과,서울특별시 양천구 목동로 210 302호,서울특별시,양천구,목동로,,https://blog.naver.com/siberian81,,네이버,,,,,naver
공진한의원,"병원,의원>한의원",피부과,피부과,서울특별시 양천구 신월로38길 2 1층,서울특별시,양천구,신월로38길,,https://blog.naver.com/gj_hani,,,,,,,naver
목동고운세상피부과의원,"병원,의원>피부과",피부과,피부과,서울특별시 양천구 오목로 281 1층,서울특별시,양천구,오목로,,https://blog.naver.com/dermat69,,,,,,,naver
데이뷰의원 여의도,"병원,의원>피부과",피부과,피부과,서울특별시 영등포구 국제금융로2길 17 씨티플라자 11층,서울특별시,영등포구,국제금융로2길,,https://daybeauclinic08.com,dilis109@naver.com,권오민,,,,,naver
유쾌한비뇨기과의원 영등포본점,"병원,의원>비뇨의학과",피부과,피부과,서울특별시 영등포구 영중로 45 3층,서울특별시,영등포구,영중로,,https://blog.naver.com/enjoyuro,,,,,,,naver
데이뷰의원 영등포,"병원,의원>피부과",피부과,피부과,서울특별시 영등포구 영중로 12 에쉐르아이 시네마 8층,서울특별시,영등포구,영중로,,https://daybeauclinic09.com/branch/,dilis109@naver.com,노성진,,,,,naver
여의도상한가의원,"병원,의원>피부과",피부과,피부과,서울특별시 영등포구 국제금융로6길 26 3층,서울특별시,영등포구,국제금융로6길,,https://youtube.com/channel/UChr9dWsRyh-4ShWooPel2Ww?si=45jqjfgqrWlF16b0,yt-support-solutions-kr@google.com,,,,,,naver
닥터디자이너의원 영등포,"병원,의원>피부과",피부과,피부과,서울특별시 영등포구 경인로 870 페어필드바이메리어트호텔 2층,서울특별시,영등포구,경인로,,https://ydp.drdclinic.co.kr/s/zczh0,drd.clinic8@gmail.com,최원혁,,,,,naver
뷰티라운지의원 용산점,"병원,의원>피부과",피부과,피부과,서울특별시 용산구 한강대로 109 지하1층 뷰티라운지의원,서울특별시,용산구,한강대로,,http://yongsan.beautyloungeclinic.com,,김가희,,,,,naver
밴스의원 용산역,"병원,의원>피부과",피부과,피부과,서울특별시 용산구 새창로 217 토투밸리빌딩 15층,서울특별시,용산구,새창로,,https://blog.naver.com/vandsys,,,,,,,naver
디오디피부과의원 용산,"병원,의원>피부과",피부과,피부과,서울특별시 용산구 한강대로 95 래미안 더센트럴상가동 213호,서울특별시,용산구,한강대로,,http://dodskinys.com,contact@dodskinys.com,유튜브채,,,,,naver
하모니여성의원,"병원,의원>산부인과",피부과,피부과,서울특별시 용산구 한강대로 69 3층,서울특별시,용산구,한강대로,,https://blog.naver.com/harmony-clinic,,,,,,,naver
엘리엇의원,"병원,의원>피부과",피부과,피부과,서울특별시 용산구 이태원로 186 6층,서울특별시,용산구,이태원로,,http://www.elliotclinic.com/,,,,,,,naver
은평우태하피부과의원,"병원,의원>피부과",피부과,피부과,서울특별시 은평구 연서로 246 타워크리닉 501호,서울특별시,은평구,연서로,,http://www.epskin.com/,,이미지,,,,,naver
연아한의원 은평녹번,"병원,의원>한의원",피부과,피부과,"서울특별시 은평구 통일로 636 미드스퀘어 312호, 313호, 314호",서울특별시,은평구,통일로,,https://blog.naver.com/plxmct64,,,,,,,naver
셀린의원 연신내역,"병원,의원>피부과",피부과,피부과,서울특별시 은평구 연서로 214 2층,서울특별시,은평구,연서로,,https://www.cellinclinic0.com/,webtick@gmail.com,,,,,,naver
제너리스의원 연신내점,"병원,의원>피부과",피부과,피부과,서울특별시 은평구 연서로 216 3층 제너리스의원,서울특별시,은평구,연서로,,https://yeonsinnae.generless.com/,neonadsl@naver.com,김명석,,,,,naver
활기찬정형외과의원 은평,"병원,의원>정형외과",피부과,피부과,서울특별시 은평구 통일로 875 벧엘빌딩,서울특별시,은평구,통일로,,https://youtube.com/@energeticos8875,yt-support-solutions-kr@google.com,활기찬,,,,,naver
서울대학교병원,"건강,의료>종합병원",피부과,피부과,서울특별시 종로구 대학로 101,서울특별시,종로구,대학로,,https://www.youtube.com/@snuhtv,"chsnuh@gmail.com, yt-support-solutions-kr@google.com",,,,,,naver
강북삼성병원,"건강,의료>종합병원",피부과,피부과,서울특별시 종로구 새문안로 29 강북삼성병원,서울특별시,종로구,새문안로,,https://youtube.com/channel/UClp4EdAwhySzqnMWjKnh0gw,"minhoo.lee@samsung.com, yt-support-solutions-kr@google.com",,,,,,naver
민앤정의원,"병원,의원>피부과",피부과,피부과,서울특별시 종로구 종로5길 7 타워8 본관 2층 203호,서울특별시,종로구,종로5길,,https://minandjeong.com,,책임,,,,,naver
청담한의원 광화문,"병원,의원>한의원",피부과,피부과,서울특별시 종로구 종로 19 3층 302-1호 청담한의원,서울특별시,종로구,종로,,https://blog.naver.com/chungdamhani07,,,,,,,naver
경희스마일한의원 종로,"병원,의원>한의원",피부과,피부과,서울특별시 종로구 종로12길 23 포인트23빌딩 8층,서울특별시,종로구,종로12길,,https://blog.naver.com/kyungheesmile,,,,,,,naver
단아의원,"병원,의원>피부과",피부과,피부과,서울특별시 중구 명동7길 21 명동아르누보센텀 3층,서울특별시,중구,명동7길,,http://myeongdongclinic.com/,ji372@naver.com,이은지,,,,,naver
블리비의원 명동점,"병원,의원>피부과",피부과,피부과,서울특별시 중구 남대문로 84 하이드파크 6층,서울특별시,중구,남대문로,,http://www.velyb.kr/,,,,,,,naver
톡스앤필의원 명동점,"병원,의원>피부과",피부과,피부과,서울특별시 중구 남대문로 84 애플스토어 건물 8층,서울특별시,중구,남대문로,,http://www.toxnfill35.com/,bbg@bbgnetworks.com,피부,,,,,naver
유앤아이의원 명동점,"병원,의원>피부과",피부과,피부과,서울특별시 중구 남대문로 78 타임워크명동빌딩 3층,서울특별시,중구,남대문로,,https://www.mduni114.co.kr/,mdvision@nate.com,임지혜,,,,,naver
올의원,"병원,의원>피부과",피부과,피부과,"서울특별시 중구 퇴계로 132 3층, 4층 올클리닉피부과",서울특별시,중구,퇴계로,,http://www.allclinic.co.kr,,김세형,,,,,naver
매일백세한의원,"병원,의원>한의원",피부과,피부과,서울특별시 중랑구 공릉로 21 3층,서울특별시,중랑구,공릉로,,https://www.youtube.com/channel/UC6Mf-wiyKvWup51wgGzjE4A,yt-support-solutions-kr@google.com,제가,,,,,naver
슬기로운산부인과의원,"건강,의료>병원,의원",피부과,피부과,서울특별시 중랑구 면목로 481 오렌지타워 6층,서울특별시,중랑구,면목로,,http://wisewomenclinic.com,,,,,,,naver
사암당한의원 중랑점,"병원,의원>한의원",피부과,피부과,서울특별시 중랑구 면목로 490 3층,서울특별시,중랑구,면목로,,http://www.saamdang.com,admin@saamdang.com,,,,,,naver
우림경희한의원,"병원,의원>한의원",피부과,피부과,서울특별시 중랑구 망우로 394 2층~4층,서울특별시,중랑구,망우로,,https://blog.naver.com/woorimdr1,,,,,,,naver
청구경희한의원 면목,"병원,의원>한의원",피부과,피부과,서울특별시 중랑구 겸재로 200 1~2층 청구경희한의원 면목점,서울특별시,중랑구,겸재로,,https://myeonmok.bluehillclinic.com,bluehillcl@naver.com,,,,,,naver
톤즈의원 수원광교점,"병원,의원>피부과",피부과,피부과,경기도 수원시 영통구 에듀타운로 102 SK VIEW B동 2층 201~209호,경기도,수원시,영통구,,https://tonesclinic.co.kr/gwanggyo,,원장의,,,,,naver
올림 피움 채움 올피채의원 수원점,"병원,의원>피부과",피부과,피부과,"경기도 수원시 영통구 덕영대로 1470 206호, 207호",경기도,수원시,영통구,,https://sw.ollpichae.com/,,,,,,,naver
올치한의원,"병원,의원>한의원",피부과,피부과,경기도 수원시 영통구 봉영로 1612 보보스프라자 404호,경기도,수원시,영통구,,https://blog.naver.com/kimdudtj,,,,,,,naver
광교리본한의원,"병원,의원>한의원",피부과,피부과,"경기도 수원시 영통구 광교호수공원로 20 광교더샵레이크시티 102동 B1 16, 17, 18호",경기도,수원시,영통구,,http://rebornclinic.co.kr/,,,,,,,naver
광교밴스의원,"병원,의원>피부과",피부과,피부과,경기도 수원시 영통구 도청로66번길 6 힐스테이트광교중앙퍼스트 103동 2층 229호,경기도,수원시,영통구,,https://gwanggyo.vandsclinic.co.kr/,,,,,,,naver
데이뷰의원 분당점,"병원,의원>피부과",피부과,피부과,"경기도 성남시 분당구 성남대로331번길 3-9 백궁프라자3 2층 206호, 207호, 211호",경기도,성남시,분당구,,https://www.daybeauclinic12.com,dilis109@naver.com,이충연,,,,,naver
톤즈의원 분당,"병원,의원>피부과",피부과,피부과,경기도 성남시 분당구 서현로 170 풍림아이원플러스 225호,경기도,성남시,분당구,,https://tonesclinic.co.kr/bundang,,원장의,,,,,naver
분당정자 셀린의원,"병원,의원>피부과",피부과,피부과,경기도 성남시 분당구 성남대로 349 301호,경기도,성남시,분당구,,https://www.cellinclinic10.com/clinicInfoCellin/selfReserve.php,webtick@gmail.com,,,,,,naver
비타민의원 분당점,"병원,의원>피부과",피부과,피부과,경기도 성남시 분당구 서현로210번길 2 3층,경기도,성남시,분당구,,http://www.vitaminclinic.kr,,,,,,,naver
누베베한의원 분당,"병원,의원>한의원",피부과,피부과,경기도 성남시 분당구 성남대로926번길 10 탑빌딩 2층,경기도,성남시,분당구,,https://www.nubebe.com,nubebecs@nubebe.com,이미지,,,,,naver
블리비의원 일산점,"병원,의원>피부과",피부과,피부과,경기도 고양시 일산동구 정발산로 38 이스턴시티 2층,경기도,고양시,일산동구,,http://www.velyb.kr,,,,,,,naver
VS라인의원 일산점,"병원,의원>피부과",피부과,피부과,경기도 고양시 일산동구 정발산로 31-17 킹타운 3층 301호,경기도,고양시,일산동구,,http://is.vsline.kr/,,대한필러,,,,,naver
바른시선한의원,"병원,의원>한의원",피부과,피부과,경기도 고양시 일산동구 중앙로 1036 고양터미널 진료 6층(입원실 3층),경기도,고양시,일산동구,,https://blog.naver.com/barunwell,,한의원,,,,,naver
톤즈의원 일산,"병원,의원>피부과",피부과,피부과,경기도 고양시 일산동구 중앙로1261번길 61 4층 톤즈의원 일산,경기도,고양시,일산동구,,https://tonesclinic.co.kr/ilsan,,원장의,,,,,naver
제너리스의원 일산,"병원,의원>피부과",피부과,피부과,경기도 고양시 일산동구 정발산로 43-20 센트럴프라자 4층,경기도,고양시,일산동구,,https://is.generless.com,neonadsl@naver.com,최용호,,,,,naver
서울예스병원,"건강,의료>병원,의원",피부과,피부과,경기도 용인시 수지구 용구대로 2736,경기도,용인시,수지구,,http://www.hospitalyes.co.kr/,,수술,,,,,naver
셀린의원 용인수지점,"병원,의원>피부과",피부과,피부과,경기도 용인시 수지구 수지로296번길 51-12 1층,경기도,용인시,수지구,,https://blog.naver.com/5vw8mibem/223953978711,,,,,,,naver
광교프라임한의원 상현,"병원,의원>한의원",피부과,피부과,경기도 용인시 수지구 광교중앙로 308 광교 에스타워 2층 광교프라임한의원,경기도,용인시,수지구,,https://www.gwanggyo-prime-kmd.com/,,,,,,,naver
수지미래산부인과의원,"병원,의원>산부인과",피부과,피부과,경기도 용인시 수지구 포은대로313번길 4,경기도,용인시,수지구,,https://sujimirae.co.kr,,김진수,,,,,naver
늘온한의원,"병원,의원>한의원",피부과,피부과,경기도 용인시 수지구 풍덕천로 108 3층 303호,경기도,용인시,수지구,,https://blog.naver.com/gqsf4881,,,,,,,naver
인애한의원 부천,"병원,의원>한의원",피부과,피부과,"경기도 부천시 원미구 상동로 75 2층 202호 ( 상동, 한빛프라자 )",경기도,부천시,원미구,,https://www.omdi.co.kr/network/bucheon,,최정봉,,,,,naver
제너리스의원 부천점,"병원,의원>피부과",피부과,피부과,"경기도 부천시 원미구 길주로 262 이안 더 클래식 2층 201, 202호",경기도,부천시,원미구,,https://bc.generless.com,neonadsl@naver.com,이하연,,,,,naver
누베베한의원 부천,"병원,의원>한의원",피부과,피부과,경기도 부천시 원미구 상동로 90 메가플러스 4층,경기도,부천시,원미구,,https://www.nubebe.com,nubebecs@nubebe.com,이미지,,,,,naver
더유스의원,"병원,의원>피부과",피부과,피부과,경기도 부천시 원미구 길주로 183 영라이프빌딩 6층 601호,경기도,부천시,원미구,,https://theyouthclinic.co.kr/,,블로그,,,,,naver
미앤미의원 부천,"병원,의원>피부과",피부과,피부과,"경기도 부천시 원미구 길주로 91 501호, 502호",경기도,부천시,원미구,,http://bc.mipretty.co.kr/,webtick@gmail.com,황준영,,,,,naver
뮤즈의원 안산,"병원,의원>피부과",피부과,피부과,경기도 안산시 단원구 고잔로 108 대동조이월드 3층 뮤즈의원 안산,경기도,안산시,단원구,,http://ansan.museclinic.co.kr/,,,,,,,naver
미올한의원 안산,"병원,의원>한의원",피부과,피부과,경기도 안산시 단원구 예술대학로 17 중앙노블레스빌딩 2층 미올한의원,경기도,안산시,단원구,,http://miall-as.co.kr/,,,,,,,naver
생기한의원 안산점,"병원,의원>한의원",피부과,피부과,경기도 안산시 단원구 고잔로 76 영풍빌딩 601호,경기도,안산시,단원구,,https://blog.naver.com/saengkias2022,,,,,,,naver
블리비의원 안산점,"병원,의원>피부과",피부과,피부과,경기도 안산시 단원구 고잔로 108 대동조이월드 2층,경기도,안산시,단원구,,http://www.velyb.kr,,,,,,,naver
하늘체한의원 안산,"병원,의원>한의원",피부과,피부과,경기도 안산시 단원구 고잔1길 17 대유빌딩 6층,경기도,안산시,단원구,,https://blog.naver.com/skybodyas2,,,,,,,naver
데이뷰의원 안양범계점,"병원,의원>피부과",피부과,피부과,경기도 안양시 동안구 평촌대로211번길 16 삼희월드프라자 9층,경기도,안양시,동안구,,https://www.daybeauclinic06.com/branch/,dilis109@naver.com,양윤성,,,,,naver
라마르프리미어의원 범계역,"병원,의원>피부과",피부과,피부과,경기도 안양시 동안구 시민대로 161 안양무역센터 2층 라마르프리미어의원,경기도,안양시,동안구,,http://www.pclamar.co.kr/new/,,발표,,,,,naver
안양 톤즈의원,"병원,의원>피부과",피부과,피부과,경기도 안양시 동안구 시민대로 202 9층 902호 안양 톤즈의원,경기도,안양시,동안구,,http://tonesclinic.co.kr/anyang,,원장의,,,,,naver
연의원 범계,"병원,의원>피부과",피부과,피부과,경기도 안양시 동안구 평촌대로217번길 15 파크애비뉴엘 4층,경기도,안양시,동안구,,http://www.yeon-clinic.com,,양연지,,,,,naver
초이스피부과의원 평촌,"병원,의원>피부과",피부과,피부과,경기도 안양시 동안구 동안로 128,경기도,안양시,동안구,,https://skinchois.net/pyeongchon,,,,,,,naver
제너리스의원 다산,"병원,의원>피부과",피부과,피부과,경기도 남양주시 다산중앙로 132 3층 321호~327호,경기도,남양주시,다산중앙로,,https://ds.generless.com/,neonadsl@naver.com,리프팅,,,,,naver
셀린의원 다산점,"병원,의원>피부과",피부과,피부과,경기도 남양주시 다산중앙로146번길 12-10 원픽프라자 2차 3층 셀린의원,경기도,남양주시,다산중앙로146번길,,https://cellinclinic3.com/,,,,,,,naver
유앤아이의원 다산점,"병원,의원>피부과",피부과,피부과,경기도 남양주시 다산중앙로145번길 17 메트로타워1 3층,경기도,남양주시,다산중앙로145번길,,https://www.dsuni114.co.kr/,mdvision@nate.com,이민희,,,,,naver
다산더맑은의원,"병원,의원>피부과",피부과,피부과,"경기도 남양주시 다산중앙로 17 2, 3, 4층",경기도,남양주시,다산중앙로,,http://themalgeunclinic.co.kr,,이미지,,,,,naver
차오르다의원,"병원,의원>피부과",피부과,피부과,경기도 남양주시 다산중앙로145번길 11 지앤지메트로타워2 제3층 301~304호,경기도,남양주시,다산중앙로145번길,,https://chaordaclinic.com/,,블로그,,,,,naver
미엔느의원,"병원,의원>피부과",피부과,피부과,경기도 화성시 효행구 봉담읍 상리2길 55 어반센터프라자 4층,경기도,화성시,효행구,,https://www.miennebeauty2021.co.kr/,,김미은,,,,,naver
드림모아의원,"병원,의원>내과",피부과,피부과,경기도 화성시 효행구 봉담읍 효행로 278 이마트,경기도,화성시,효행구,,https://dreammoa.mobidoc.us,,김진서,,,,,naver
유앤아이의원 화성봉담점,"병원,의원>피부과",피부과,피부과,경기도 화성시 효행구 봉담읍 상리중심상가길 28-8 3층,경기도,화성시,효행구,,https://www.bduni114.co.kr/,mdvision@nate.com,장병대,,,,,naver
봉담정성365한의원,"병원,의원>한의원",피부과,피부과,"경기도 화성시 효행구 봉담읍 삼천병마로 1283 3층 305, 306호",경기도,화성시,효행구,,https://blog.naver.com/bdjs365,,,,,,,naver
둘이이비인후과의원,"병원,의원>이비인후과",피부과,피부과,경기도 화성시 효행구 봉담읍 동화길 93-2 제이스프라자 4층 401호,경기도,화성시,효행구,,,,,,,,,naver
강남뷰베스트의원 평택점,"병원,의원>피부과",피부과,피부과,경기도 평택시 중앙2로 25,경기도,평택시,중앙2로,,http://www.viewlady.com/,,,,,,,naver
잇츠미의원 평택고덕점,"병원,의원>피부과",피부과,피부과,경기도 평택시 고덕국제대로 94 우성고덕타워2 3층 305호~309호,경기도,평택시,고덕국제대로,,http://www.itsme-clinic-pt.co.kr/,content.itsme.clinic@gmail.com,,,,,,naver
평택사랑인한의원,"병원,의원>한의원",피부과,피부과,경기도 평택시 평남로 929 우리타워 2층,경기도,평택시,평남로,,https://leandiet.co.kr/@sarangin,,,,,,,naver
고덕365한의원,"병원,의원>한의원",피부과,피부과,경기도 평택시 고덕중앙로 200-4 우성고덕타워 4층 고덕365한의원,경기도,평택시,고덕중앙로,,https://blog.naver.com/goduk365,,,,,,,naver
룩스미의원 평택본점,"병원,의원>피부과",피부과,피부과,경기도 평택시 비전5로 16 프라우빌딩 4층,경기도,평택시,비전5로,,https://luxme.co.kr,,,,,,,naver
싱싱한의원 의정부,"병원,의원>한의원",피부과,피부과,경기도 의정부시 회룡로 178 발곡프라자 2층 싱싱한의원,경기도,의정부시,회룡로,,http://www.singsinghani.com,bem21c@naver.com,,,,,,naver
톤즈의원 의정부,"병원,의원>피부과",피부과,피부과,경기도 의정부시 시민로 80 센트럴타워 10층,경기도,의정부시,시민로,,https://tonesclinic.co.kr/uijeongbu?lang=ko,,원장의,,,,,naver
숨쉬는한의원 의정부,"병원,의원>한의원",피부과,피부과,경기도 의정부시 천보로 38 파스텔시티 2층,경기도,의정부시,천보로,,https://blog.naver.com/mpslayer,,,,,,,naver
의정부빔스테틱의원,"병원,의원>피부과",피부과,피부과,경기도 의정부시 시민로 80 센트럴타워 5층,경기도,의정부시,시민로,,https://beamsthetic1.com,,이미지,,,,,naver
다시봄날의원 의정부,"병원,의원>피부과",피부과,피부과,경기도 의정부시 오목로205번길 1 예스타워 3층 301호,경기도,의정부시,오목로205번길,,https://ujb.springdayclinic.com/,,이미지,,,,,naver
숨쉬는한의원 시흥,"병원,의원>한의원",피부과,피부과,"경기도 시흥시 은계번영길 19 은계 디스퀘어큐브 3, 4층",경기도,시흥시,은계번영길,,https://blog.naver.com/mrodlu15,,,,,,,naver
미올린의원 시흥,"병원,의원>피부과",피부과,피부과,경기도 시흥시 장곡로37번길 16 형제빌딩 2층,경기도,시흥시,장곡로37번길,,https://booking.naver.com/booking/13/bizes/1249583,"miollin2424@naver.com, trustnhope@naver.com",,,,,,naver
연세클리어의원,"병원,의원>피부과",피부과,피부과,경기도 시흥시 배곧3로 96,경기도,시흥시,배곧3로,,http://ysclear.com/,,이인철,,,,,naver
포에버의원 시흥,"병원,의원>피부과",피부과,피부과,경기도 시흥시 배곧3로 86 센터프라자2 4층 403호,경기도,시흥시,배곧3로,,https://sh.4-ever.co.kr,,,,,,,naver
서울뷰의원 시흥배곧,"병원,의원>피부과",피부과,피부과,"경기도 시흥시 서울대학로278번길 43-13 3층 301, 302호 서울뷰의원",경기도,시흥시,서울대학로278번길,,https://seoulviewbg.framer.website/,,상담과,,,,,naver
사랑인한의원 파주운정,"병원,의원>한의원",피부과,피부과,경기도 파주시 청암로17번길 59 골든에셋타워 2층,경기도,파주시,청암로17번길,,http://www.sarangin.net,,,,,,,naver
미올한의원 파주운정점,"병원,의원>한의원",피부과,피부과,경기도 파주시 미래로 375 삼성프라자 3층,경기도,파주시,미래로,,https://pjmiall.co.kr,,이미지,,,,,naver
마디엠한의원 파주운정점,"병원,의원>한의원",피부과,피부과,경기도 파주시 미래로 369-58 삼융프라자 2차 4층,경기도,파주시,미래로,,,,,,,,,naver
서울365외과의원,병원>건강검진,피부과,피부과,경기도 파주시 경의로 1066 야당중앙타워 4층,경기도,파주시,경의로,,https://youtube.com/@seoul365DR,yt-support-solutions-kr@google.com,,,,,,naver
엘로디의원 파주운정본점,"병원,의원>피부과",피부과,피부과,경기도 파주시 경의로 1204 월드타워10 4층 405호~410호,경기도,파주시,경의로,,https://blog.naver.com/elodieclinic,,,,,,,naver
구래한의원,"병원,의원>한의원",피부과,피부과,경기도 김포시 김포한강4로 487 반도유보라4차상가 2007호,경기도,김포시,김포한강4로,,,,,,,,,naver
김포 리아한의원,"병원,의원>한의원",피부과,피부과,경기도 김포시 김포한강1로 55 김포이솔빌딩 4층 402호,경기도,김포시,김포한강1로,,http://liaclinic.com/,,,,,,,naver
미올한의원 김포점,"병원,의원>한의원",피부과,피부과,"경기도 김포시 김포한강4로 117 홍우프라자 303, 304호",경기도,김포시,김포한강4로,,https://www.instagram.com/slimbalance_,,,,,,,naver
김포365한의원,"병원,의원>한의원",피부과,피부과,경기도 김포시 고촌읍 김포대로 344 정다운가 3층 김포365한의원,경기도,김포시,고촌읍,,https://youtube.com/@gimpo365TV,yt-support-solutions-kr@google.com,,,,,,naver
바른안과의원,"병원,의원>안과",피부과,피부과,경기도 김포시 김포한강8로 378 웅신프라자 6층,경기도,김포시,김포한강8로,,https://blog.naver.com/breyet,,,,,,,naver
셀린의원 광명점,"병원,의원>피부과",피부과,피부과,경기도 광명시 철산로 20 야우리빌딩 8층 801호,경기도,광명시,철산로,,https://www.cellinclinic6.com,webtick@gmail.com,,,,,,naver
시아의원 광명,"병원,의원>피부과",피부과,피부과,경기도 광명시 철산로 16 6층,경기도,광명시,철산로,,https://gwangmyeong.sia-clinic.com/,siaclinicgm@gmail.com,시술을,,,,,naver
톤즈의원 광명점,"병원,의원>피부과",피부과,피부과,경기도 광명시 디지털로 19 7층 톤즈의원,경기도,광명시,디지털로,,https://www.tonesclinic.co.kr/gwangmyeong?lang=ko,,원장의,,,,,naver
휴먼피부과의원 광명철산점,"병원,의원>피부과",피부과,피부과,경기도 광명시 철산로 24 301호,경기도,광명시,철산로,,http://gmhuman.co.kr/,,이미지,,,,,naver
미올한의원 광명,"병원,의원>한의원",피부과,피부과,경기도 광명시 철산로 11 신안빌딩 2층,경기도,광명시,철산로,,https://blog.naver.com/wool14130,,이지혜입,,,,,naver
블리비의원 경기광주점,"병원,의원>피부과",피부과,피부과,경기도 광주시 광주대로 31 지에이타워 4층,경기도,광주시,광주대로,,http://www.velyb.kr/,,,,,,,naver
경기광주S한의원,"병원,의원>한의원",피부과,피부과,경기도 광주시 고불로 40-4 2층,경기도,광주시,고불로,,https://www.youtube.com/@%EA%B2%BD%EA%B8%B0%EA%B4%91%EC%A3%BCS%ED%95%9C%EC%9D%98%EC%9B%90,"stroke2420@gmail.com, yt-support-solutions-kr@google.com",류상현입,,,,,naver
더와이즈헬스케어의원,병원>건강검진,피부과,피부과,"경기도 광주시 광주대로55번길 21 10층, 14층, 15층",경기도,광주시,광주대로55번길,,http://thewisehealthcare.com/,,원장,,,,,naver
365경희한의원,"병원,의원>한의원",피부과,피부과,"경기도 광주시 광주대로 35 4, 7층",경기도,광주시,광주대로,,http://www.365clinic.net/,,원장,,,,,naver
참조은병원,"건강,의료>종합병원",피부과,피부과,경기도 광주시 광주대로 45,경기도,광주시,광주대로,,http://www.chamhosp.co.kr/,"applek99@mdtoday.co.kr, box@seoultimes.news, calltaxi@seoultimes.news, mdtoday@mdtoday.co.kr, press@mdtoday.co.kr",종합병원,,,,,naver
산본중심한의원,"병원,의원>한의원",피부과,피부과,경기도 군포시 산본로323번길 4-17 군포프라자 3층 303호,경기도,군포시,산본로323번길,,http://centersb.co.kr,,,,,,,naver
도담한의원 군포산본,"병원,의원>한의원",피부과,피부과,경기도 군포시 금산로 98 2층,경기도,군포시,금산로,,http://www.dodamclinic.co.kr/,linehard@hanmail.net,,,,,,naver
군포에스한의원,"병원,의원>한의원",피부과,피부과,"경기도 군포시 공단로124번길 23 2층 206호, 207호",경기도,군포시,공단로124번길,,https://ipwon.com/gunpo_s,,,,,,,naver
몸앤장한의원 군포산본,"병원,의원>한의원",피부과,피부과,경기도 군포시 산본천로 56 3층 몸앤장한의원,경기도,군포시,산본천로,,https://blog.naver.com/mnjhani,,,,,,,naver
하우림한의원 산본,"병원,의원>한의원",피부과,피부과,경기도 군포시 산본로323번길 20-17 거성2차빌딩 4층,경기도,군포시,산본로323번길,,https://youtube.com/@painfairy23,"elintc@naver.com, yt-support-solutions-kr@google.com",원장까지,,,,,naver
톤즈의원 하남미사점,"병원,의원>피부과",피부과,피부과,경기도 하남시 미사강변중앙로 180 힐스테이트 미사역 그랑파사쥬 2층 2023~2029호,경기도,하남시,미사강변중앙로,,https://www.tonesclinic.co.kr/hanam,,이벤트,,,,,naver
셀린의원 하남미사점,"병원,의원>피부과",피부과,피부과,경기도 하남시 미사강변동로 81 큐브앤타워 9층,경기도,하남시,미사강변동로,,https://www.cellinclinic5.com/,webtick@gmail.com,,,,,,naver
미엘피부과의원,"병원,의원>피부과",피부과,피부과,"경기도 하남시 미사강변대로 228 메디프라자 502, 503호,601호",경기도,하남시,미사강변대로,,http://mielms.com/,,,,,,,naver
서울미라클피부과의원,"병원,의원>피부과",피부과,피부과,경기도 하남시 미사강변동로 82 4층,경기도,하남시,미사강변동로,,http://www.smiracleskin.com,skinart1004@naver.com,장진호,,,,,naver
온재한의원,"병원,의원>한의원",피부과,피부과,경기도 하남시 미사강변동로 82 서건미사메트로타워 3층 온재한의원,경기도,하남시,미사강변동로,,https://blog.naver.com/onjaehani,,,,,,,naver
정원한의원 오산,"병원,의원>한의원",피부과,피부과,경기도 오산시 성호대로 74 1~2층,경기도,오산시,성호대로,,https://blog.naver.com/27xhd,,,,,,,naver
웰봄병원,"병원,의원>소아청소년과",피부과,피부과,경기도 오산시 경기대로 534 6층,경기도,오산시,경기대로,,http://www.wellbom.co.kr,,,,,,,naver
세교S한의원,"병원,의원>한의원",피부과,피부과,경기도 오산시 청학로 230 정우제이클래스 2층,경기도,오산시,청학로,,http://s-car-net.co.kr/f/osan/,,장지윤,,,,,naver
청담한의원,"병원,의원>한의원",피부과,피부과,경기도 오산시 오산로 266-1 청담한의원,경기도,오산시,오산로,,http://www.hani4.com/,,인사말,,,,,naver
경희바른한의원 오산,"병원,의원>한의원",피부과,피부과,경기도 오산시 경기대로 154 3층 301호 경희바른한의원 오산,경기도,오산시,경기대로,,https://blog.naver.com/khbarunhani,,,,,,,naver
이든한의원,"병원,의원>한의원",피부과,피부과,경기도 이천시 중리천로13번길 21 107호,경기도,이천시,중리천로13번길,,https://blog.naver.com/365kmdclinic,,,,,,,naver
이천에스한의원,"병원,의원>한의원",피부과,피부과,경기도 이천시 이섭대천로 1437 우리타워 6층 602호,경기도,이천시,이섭대천로,,http://www.s-car-net.co.kr/f/icheon_s/,,박기홍,,,,,naver
이천바른몸한의원,"병원,의원>한의원",피부과,피부과,경기도 이천시 이섭대천로 1234 1층 이천바른몸한의원,경기도,이천시,이섭대천로,,https://leandiet.co.kr/@barunmom_2000,,,,,,,naver
연세두루의원,"병원,의원>비뇨의학과",피부과,피부과,경기도 이천시 영창로 200,경기도,이천시,영창로,,http://www.duruclinic.com/,,,,,,,naver
미올한의원 이천점,"병원,의원>한의원",피부과,피부과,경기도 이천시 이섭대천로 1233 화창빌딩 4층,경기도,이천시,이섭대천로,,http://miall-ic.co.kr/,,,,,,,naver
뷰티온의원 안성점,"병원,의원>피부과",피부과,피부과,경기도 안성시 아양1로 77-25 폴리프라자 4층 407-415호,경기도,안성시,아양1로,,https://anseong.beautyon.co.kr/,beautyonmd@gmail.com,김균태,,,,,naver
길한의원,"병원,의원>한의원",피부과,피부과,경기도 안성시 공도읍 공도로 132 골드일번가 3층,경기도,안성시,공도읍,,https://blog.naver.com/koreanmedroad,,,,,,,naver
잇츠미의원 안성,"병원,의원>피부과",피부과,피부과,경기도 안성시 중앙로 366 크리스탈빌딩 3층,경기도,안성시,중앙로,,http://itsme-clinic-as.kr/,content.itsme.clinic@gmail.com,,,,,,naver
나무그늘한의원,"병원,의원>한의원",피부과,피부과,경기도 안성시 중앙로 370,경기도,안성시,중앙로,,https://blog.naver.com/namuomd,,,,,,,naver
제일한의원,"병원,의원>한의원",피부과,피부과,경기도 안성시 공도읍 공도로 83 메디컬프라자 4층 제일한의원,경기도,안성시,공도읍,,https://blog.naver.com/jeilhpt,,,,,,,naver
365키즈소아청소년과의원,"병원,의원>소아청소년과",피부과,피부과,경기도 의왕시 포일로 43 대림프라자 402호,경기도,의왕시,포일로,,http://365kids.co.kr/,,,,,,,naver
청담포레의원,"병원,의원>피부과",피부과,피부과,경기도 의왕시 내손중앙로 4 벨포레스퀘어 3층,경기도,의왕시,내손중앙로,,http://www.foretclinic.com/,,,,,,,naver
의왕참조은내과의원,"병원,의원>내과",피부과,피부과,경기도 의왕시 모락로 28 4층 401호,경기도,의왕시,모락로,,https://blog.naver.com/uwcharm,,,,,,,naver
연세새록의원,"건강,의료>병원,의원",피부과,피부과,"경기도 의왕시 내손중앙로 4 벨포레스퀘어 3층 306호, 307호",경기도,의왕시,내손중앙로,,http://yonseiburns.com,,,,,,,naver
성모정형외과의원,"병원,의원>정형외과",피부과,피부과,경기도 의왕시 모락로 16 현대프라자 502호,경기도,의왕시,모락로,,,,,,,,,naver
365경희사계한의원 옥정,"병원,의원>한의원",피부과,피부과,"경기도 양주시 옥정로 208 301호, 302호, 303호",경기도,양주시,옥정로,,https://blog.naver.com/fourseasonkmc,,,,,,,naver
다시봄날의원 양주옥정,"병원,의원>피부과",피부과,피부과,경기도 양주시 회천남로 76 한덕타워 6층 다시봄날의원 양주옥정점,경기도,양주시,회천남로,,https://yo.springdayclinic.com/,,이미지,,,,,naver
뷰티온피부과의원 양주옥정점,"병원,의원>피부과",피부과,피부과,경기도 양주시 회천남로 76 1동 4층 404호,경기도,양주시,회천남로,,https://yangju.beautyon.co.kr/,beautyonmd@gmail.com,원상현,,,,,naver
이안산부인과의원,"병원,의원>산부인과",피부과,피부과,경기도 양주시 옥정로 222 스카이타워 5층 502~504호,경기도,양주시,옥정로,,https://blog.naver.com/ianobgy,,,,,,,naver
감동한의원 양주,"병원,의원>한의원",피부과,피부과,경기도 양주시 옥정로 142,경기도,양주시,옥정로,,https://blog.naver.com/llbmhlyy,,,,,,,naver
든든한의원 구리,"병원,의원>한의원",피부과,피부과,경기도 구리시 체육관로80번길 23 2층,경기도,구리시,체육관로80번길,,https://blog.naver.com/deundeun-k,,,,,,,naver
라디앙의원 구리본점,"병원,의원>피부과",피부과,피부과,경기도 구리시 건원대로 3 4층 402~404호,경기도,구리시,건원대로,,https://blog.naver.com/tldus6522,,,,,,,naver
백점한의원,"병원,의원>한의원",피부과,피부과,경기도 구리시 안골로57번길 36-18 2층,경기도,구리시,안골로57번길,,https://blog.naver.com/100jeom_official,,,,,,,naver
메이퓨어의원 구리점,"병원,의원>피부과",피부과,피부과,경기도 구리시 검배로 5 우진빌딩 2층,경기도,구리시,검배로,,https://www.maypureclinic.com/ko/,,,,,,,naver
톡스앤필의원 구리점,"병원,의원>피부과",피부과,피부과,경기도 구리시 경춘로 253 다우스퀘어 7층 톡스앤필의원 구리점,경기도,구리시,경춘로,,http://www.toxnfill23.com/,bbg@bbgnetworks.com,피부,,,,,naver
강병원,"건강,의료>병원,의원",피부과,피부과,경기도 포천시 포천로 1570 정우빌딩,경기도,포천시,포천로,,,,,,,,,naver
매일온한의원 포천,"병원,의원>한의원",피부과,피부과,경기도 포천시 중앙로 73 1층,경기도,포천시,중앙로,,https://www.instagram.com/maeilon_kmd,,,,,,,naver
서울의원,"병원,의원>피부과",피부과,피부과,경기도 포천시 중앙로 138,경기도,포천시,중앙로,,http://dr9clinic.com/,,구경진,,,,,naver
정담피부과의원,"병원,의원>피부과",피부과,피부과,경기도 포천시 소흘읍 봉솔로5길 27 삼성프라자 4층 401호,경기도,포천시,소흘읍,,,,,,,,,naver
일동대영한의원 포천,"병원,의원>한의원",피부과,피부과,경기도 포천시 일동면 화동로 1069 1층 일동대영한의원,경기도,포천시,일동면,,http://myhani.kr/ildonghani,,,,,,,naver
외갓집한의원 여주,"병원,의원>한의원",피부과,피부과,경기도 여주시 청심로 161,경기도,여주시,청심로,,http://blog.naver.com/duksan886/223073852242,,,,,,,naver
중앙한방병원,"건강,의료>한방병원",피부과,피부과,경기도 여주시 세종로14번길 18 중앙프라자 2층,경기도,여주시,세종로14번길,,http://www.ja1075.com,,,,,,,naver
여주아산내과의원,"병원,의원>내과",피부과,피부과,"경기도 여주시 세종로 10 2층 203호,204호",경기도,여주시,세종로,,http://pf.kakao.com/_xeGsaxj,,,,,,,naver
김한의원,"병원,의원>한의원",피부과,피부과,경기도 여주시 세종로 74-1,경기도,여주시,세종로,,https://blog.naver.com/goldhani_,,,,,,,naver
하나연합의원,"병원,의원>내과",피부과,피부과,경기도 여주시 가남읍 태평로 30,경기도,여주시,가남읍,,,,,,,,,naver
최고한의원,"병원,의원>한의원",피부과,피부과,경기도 동두천시 지행로 50 3층,경기도,동두천시,지행로,,http://thebesthani.com/,,,,,,,naver
뉴라인의원,"병원,의원>피부과",피부과,피부과,경기도 동두천시 중앙로 110-17 3층,경기도,동두천시,중앙로,,https://blog.naver.com/newlineclinic,,,,,,,naver
해성산부인과의원,"병원,의원>산부인과",피부과,피부과,경기도 동두천시 정장로 34 해성빌딩 해성산부인과의원,경기도,동두천시,정장로,,https://www.youtube.com/user/HappyBirth119,"happytaegyo@naver.com, yt-support-solutions-kr@google.com",,,,,,naver
속내과의원,"병원,의원>내과",피부과,피부과,경기도 동두천시 지행로 56,경기도,동두천시,지행로,,,,,,,,,naver
경희지행한의원,"병원,의원>한의원",피부과,피부과,경기도 동두천시 평화로 2297,경기도,동두천시,평화로,,https://blog.naver.com/khjhkmc,,,,,,,naver
밴스의원 과천,"병원,의원>피부과",피부과,피부과,경기도 과천시 관문로 92 오피스 101동 507호~512호,경기도,과천시,관문로,,https://gwacheon.vandsclinic.co.kr/?channel=956,,,,,,,naver
유앤아이의원 과천점,"병원,의원>피부과",피부과,피부과,경기도 과천시 과천대로 111 201~209호,경기도,과천시,과천대로,,https://www.gcuni114.co.kr/,mdvision@nate.com,원장님,,,,,naver
서울삼성튼튼의원,"병원,의원>정형외과",피부과,피부과,경기도 과천시 별양로 28 래미안슈르아파트상가 A동 3층,경기도,과천시,별양로,,https://blog.naver.com/criterions105,,네이버,,,,,naver
과천예일의원,"건강,의료>병원,의원",피부과,피부과,경기도 과천시 별양상가1로 30 4층,경기도,과천시,별양상가1로,,http://www.yaleclinic.com/,,배광준,,,,,naver
조은피부과의원,"병원,의원>피부과",피부과,피부과,"경기도 과천시 별양상가3로 5 유니온빌딩 2층 202호, 3층 303호",경기도,과천시,별양상가3로,,https://blog.naver.com/fvaixim298,,,,,,,naver
청평활명요양병원,"건강,의료>요양병원",피부과,피부과,경기도 가평군 청평면 북한강로1604번길 64-28,경기도,가평군,청평면,,https://hwalmyeong.co.kr,,,,,,,naver
한림의원,"건강,의료>병원,의원",피부과,피부과,경기도 가평군 가평읍 석봉로 218 한림의원,경기도,가평군,가평읍,,,,,,,,,naver
임내과의원,"병원,의원>내과",피부과,피부과,경기도 가평군 가평읍 연인1길 1 임내과의원,경기도,가평군,가평읍,,http://www.drimh.com/,,,,,,,naver
김외과의원,"병원,의원>외과",피부과,피부과,경기도 가평군 조종면 현창로 39 김의과의원,경기도,가평군,조종면,,,,,,,,,naver
건유의원,"건강,의료>병원,의원",피부과,피부과,경기도 가평군 가평읍 가화로 47 건유의원,경기도,가평군,가평읍,,,,,,,,,naver
편안한내과통증영상의학과의원,"병원,의원>내과",피부과,피부과,"경기도 양평군 양평읍 시민로 31 2층, 3층, 4층",경기도,양평군,양평읍,,,,,,,,,naver
고영석정형외과의원,"병원,의원>정형외과",피부과,피부과,경기도 양평군 양평읍 시민로 6-1,경기도,양평군,양평읍,,,,,,,,,naver
정내과의원,"병원,의원>내과",피부과,피부과,"경기도 양평군 용문면 용문로 376-1 2층,3층",경기도,양평군,용문면,,,,,,,,,naver
퍼펙트한의원,"병원,의원>한의원",피부과,피부과,경기도 양평군 양평읍 시민로 29 101호 퍼펙트한의원,경기도,양평군,양평읍,,https://leandiet.co.kr/@pflinda,,,,,,,naver
연세푸르른내과의원,"병원,의원>내과",피부과,피부과,경기도 양평군 양평읍 역전길 24 오성프라자 3층,경기도,양평군,양평읍,,http://ysprrn.co.kr/,,소화기내,,,,,naver
전곡정형외과의원,"병원,의원>정형외과",피부과,피부과,경기도 연천군 전곡읍 전곡로 148,경기도,연천군,전곡읍,,,,,,,,,naver
김경석내과의원,"병원,의원>내과",피부과,피부과,경기도 연천군 전곡읍 온골로53번길 4,경기도,연천군,전곡읍,,,,,,,,,naver
활기찬의원,"건강,의료>병원,의원",피부과,피부과,경기도 연천군 전곡읍 전곡로 124 1층~5층 활기찬의원,경기도,연천군,전곡읍,,https://blog.naver.com/jgwhalgichan,,,,,,,naver
강비뇨기과의원,"병원,의원>비뇨의학과",피부과,피부과,경기도 연천군 전곡읍 전곡로 166,경기도,연천군,전곡읍,,,,,,,,,naver
청솔한의원,"병원,의원>한의원",피부과,피부과,경기도 연천군 전곡읍 전곡로 169 2층,경기도,연천군,전곡읍,,,,,,,,,naver
윤호병원,"병원,의원>산부인과",성형외과,성형외과,서울특별시 강남구 압구정로 304 윤호병원,서울특별시,강남구,압구정로,,http://www.yoonhohospital.co.kr/,,,,,,,naver
치유성형외과의원,"병원,의원>성형외과",성형외과,성형외과,서울특별시 강남구 도산대로 110 KBL빌딩 9층 치유성형외과의원,서울특별시,강남구,도산대로,,http://chiups.com,,약력,,,,,naver
킴스피부과의원 서울 본점,"병원,의원>피부과",성형외과,성형외과,서울특별시 강동구 천호대로 1015 성보빌딩 3층,서울특별시,강동구,천호대로,,https://kimskin.co.kr/,,,,,,,naver
서울미즈병원,"병원,의원>산부인과",성형외과,성형외과,서울특별시 강동구 천호대로 1041 서울미즈병원,서울특별시,강동구,천호대로,,https://www.seoulmiz.com,,인사말,,,,,naver
강북보아스이비인후과의원,"병원,의원>이비인후과",성형외과,성형외과,서울특별시 강북구 도봉로 242 한국전력강북성북지사 2층,서울특별시,강북구,도봉로,,http://www.boazsleep.co.kr,"boaz_ent@naver.com, boazent@boazent.net",이미지,,,,,naver
미아사거리 톡스앤필의원,"병원,의원>피부과",성형외과,성형외과,서울특별시 강북구 도봉로 34 트레지오빌딩 2층,서울특별시,강북구,도봉로,,http://www.toxnfill39.com,bbg@bbgnetworks.com,실리프팅,,,,,naver
수유탑정형외과의원,"병원,의원>정형외과",성형외과,성형외과,"서울특별시 강북구 도봉로 247 1층, 2층",서울특별시,강북구,도봉로,,https://suyutop.com/,,임진규,,,,,naver
미앤미의원 수유,"병원,의원>피부과",성형외과,성형외과,서울특별시 강북구 도봉로 324 서울특별시 강북구 번동 446-12 글로리타워 6층,서울특별시,강북구,도봉로,,http://sy.mipretty.co.kr/,webtick@gmail.com,이형철,,,,,naver
케이톡스의원 강서마곡점,"병원,의원>피부과",성형외과,성형외과,서울특별시 강서구 마곡중앙6로 93 5층,서울특별시,강서구,마곡중앙6로,,https://mg.k-tox.com,,역임,,,,,naver
강서톡스앤필의원,"병원,의원>피부과",성형외과,성형외과,서울특별시 강서구 공항대로 190 푸리마타워 2층 201호~207호,서울특별시,강서구,공항대로,,http://www.toxnfill32.com/,bbg@bbgnetworks.com,피부,,,,,naver
톡스앤필의원 관악서울대입구점,"병원,의원>피부과",성형외과,성형외과,서울특별시 관악구 봉천로 488 서호빌딩 9층 관악톡스앤필의원,서울특별시,관악구,봉천로,,http://www.toxnfill10.com/,bbg@bbgnetworks.com,피부,,,,,naver
에이치플러스 양지병원,"건강,의료>종합병원",성형외과,성형외과,서울특별시 관악구 남부순환로 1636 에이치플러스 양지병원,서울특별시,관악구,남부순환로,,http://www.newyjh.com/,office@clinichplus.com,컬러,,,,,naver
홍앤유의원,"병원,의원>피부과",성형외과,성형외과,서울특별시 관악구 남부순환로 1820,서울특별시,관악구,남부순환로,,https://blog.naver.com/hnuskin,,,,,,,naver
닥터에버스의원 서울대입구점,"병원,의원>피부과",성형외과,성형외과,서울특별시 관악구 관악로 164 대우디오슈페리움 1단지 3층,서울특별시,관악구,관악로,,http://www.evers3.co.kr/,,정보,,,,,naver
연세미라클의원,"병원,의원>피부과",성형외과,성형외과,서울특별시 관악구 남부순환로 1830 4층,서울특별시,관악구,남부순환로,,https://blog.naver.com/miracleseoul_1,,,,,,,naver
에스준의원 건대점,"병원,의원>피부과",성형외과,성형외과,서울특별시 광진구 아차산로 207 선일빌딩 5층,서울특별시,광진구,아차산로,,https://blog.naver.com/sjremei,,,,,,,naver
건대성모외과의원,"병원,의원>외과",성형외과,성형외과,서울특별시 광진구 아차산로 226 성용빌딩 4층,서울특별시,광진구,아차산로,,http://www.kusurgery.com/,,장원철,,,,,naver
샤인유의원 건대,"병원,의원>피부과",성형외과,성형외과,서울특별시 광진구 아차산로 191 동신빌딩 4층,서울특별시,광진구,아차산로,,http://shineyou-gd.co.kr/,,최병근,,,,,naver
건국대학교병원,병원>종합병원,성형외과,성형외과,서울특별시 광진구 능동로 120-1 건국대학교병원,서울특별시,광진구,능동로,,http://www.kuh.ac.kr/,,,,,,,naver
연세사랑모아여성병원,"병원,의원>산부인과",성형외과,성형외과,서울특별시 구로구 중앙로 100 연세사랑모아여성병원 3층~8층,서울특별시,구로구,중앙로,,http://www.sarangmoa.co.kr/,,,,,,,naver
고려대학교구로병원,"건강,의료>종합병원",성형외과,성형외과,서울특별시 구로구 구로동로 148,서울특별시,구로구,구로동로,,http://guro.kumc.or.kr/,,,,,,,naver
신도림하나이비인후과의원,"병원,의원>이비인후과",성형외과,성형외과,서울특별시 구로구 새말로 89,서울특별시,구로구,새말로,,https://blog.naver.com/sunmin_j,,,,,,,naver
구로성심병원,"건강,의료>종합병원",성형외과,성형외과,서울특별시 구로구 경인로 427,서울특별시,구로구,경인로,,https://gurosungsim.co.kr/,,허정민,,,,,naver
밴스의원 구로,"병원,의원>피부과",성형외과,성형외과,서울특별시 구로구 디지털로32나길 38 서림빌딩 6층,서울특별시,구로구,디지털로32나길,,https://guro.vandsclinic.co.kr/?channel=4128,,,,,,,naver
뉴연세여성의원,"병원,의원>산부인과",성형외과,성형외과,"서울특별시 금천구 시흥대로 239 1, 2, 5층",서울특별시,금천구,시흥대로,,https://blog.naver.com/fannychopin,,,,,,,naver
김안과의원,"병원,의원>안과",성형외과,성형외과,서울특별시 금천구 시흥대로 224 금천리메인시티 5층,서울특별시,금천구,시흥대로,,,,,,,,,naver
모세안과의원,"병원,의원>안과",성형외과,성형외과,서울특별시 금천구 시흥대로 403 다이소건물 8층,서울특별시,금천구,시흥대로,,http://moseseye.co.kr,,역임,,,,,naver
서울안과의원,"병원,의원>안과",성형외과,성형외과,서울특별시 금천구 시흥대로 399 416호,서울특별시,금천구,시흥대로,,,,,,,,,naver
연세가산산부인과의원,"병원,의원>산부인과",성형외과,성형외과,서울특별시 금천구 가산디지털1로 171 2층 205호 연세가산산부인과의원,서울특별시,금천구,가산디지털1로,,https://blog.naver.com/yggyn,,,,,,,naver
타토아의원 노원,"병원,의원>피부과",성형외과,성형외과,"서울특별시 노원구 노해로 485 501호, 601호",서울특별시,노원구,노해로,,https://tatoanw.co.kr,tatoanw@naver.com,신상우,,,,,naver
노원아이디의원,"병원,의원>피부과",성형외과,성형외과,서울특별시 노원구 노해로 455 MG 노원빌딩 7층,서울특별시,노원구,노해로,,https://nw.idclinic.co.kr/,,,,,,,naver
아비쥬의원 노원,"병원,의원>성형외과",성형외과,성형외과,"서울특별시 노원구 동일로 1417 삼양빌딩 2, 5층",서울특별시,노원구,동일로,,http://www.abijouclinicnw.com,test@web2002.co.kr,,,,,,naver
인제대학교 상계백병원,"건강,의료>종합병원",성형외과,성형외과,서울특별시 노원구 동일로 1342 상계백병원,서울특별시,노원구,동일로,,http://www.paik.ac.kr/sanggye/,swer@paik.ac.kr,인사말,,,,,naver
동부한일외과내과의원,"병원,의원>내과",성형외과,성형외과,"서울특별시 도봉구 마들로 686 세림빌딩 2,3,4층",서울특별시,도봉구,마들로,,https://blog.naver.com/dongbu-hanil,,,,,,,naver
창동연세정형외과의원,"병원,의원>정형외과",성형외과,성형외과,서울특별시 도봉구 노해로 389 제일빌딩 4층,서울특별시,도봉구,노해로,,https://blog.naver.com/drglorykim,,,,,,,naver
라클라라의원,"병원,의원>피부과",성형외과,성형외과,"서울특별시 도봉구 도봉로150다길 22 매경더힐스 4층, 5층, 6층 라클라라의원",서울특별시,도봉구,도봉로150다길,,http://www.laclara.co.kr,"18d2f96d279149989b95faf0a4b41882@sentry-next.wixpress.com, 2062d0a4929b45348643784b5cb39c36@sentry.wixpress.com, 271e9fa3230b4eec94b02bf95780f5f2@sentry.wixpress.com, 460ff4620fa44cba8df530afde949785@sentry.wixpress.com, 54b4aac306184111a223c0f4aea635c3@sentry.wixpress.com, 5d1795a2db124a268f1e1bd88f503500@sentry.wixpress.com, 605a7baede844d278b89dc95ae0a9123@sentry-next.wixpress.com, 8c4075d5481d476e945486754f783364@sentry.io, c183baa23371454f99f417f6616b724d@sentry.wixpress.com, dd0a55ccb8124b9c9d938e3acf41f8aa@sentry.wixpress.com, ed436f5053144538958ad06a5005e99a@sentry.wixpress.com",원장,,,,,naver
이영수의원,"병원,의원>외과",성형외과,성형외과,서울특별시 도봉구 도봉로 477 이영수의원,서울특별시,도봉구,도봉로,,http://happycam.co.kr/,,,,,,,naver
경희의료원,"건강,의료>종합병원",성형외과,성형외과,서울특별시 동대문구 경희대로 23,서울특별시,동대문구,경희대로,,http://www.khmc.or.kr,,,,,,,naver
연세참이비인후과의원,"병원,의원>이비인후과",성형외과,성형외과,서울특별시 동대문구 왕산로 225 미주상가A동 309호 연세참이비인후과,서울특별시,동대문구,왕산로,,http://www.yscharm.com/,,,,,,,naver
오가나셀피부과의원 동대문점,"병원,의원>피부과",성형외과,성형외과,"서울특별시 동대문구 답십리로 9 시대빌딩 2,3층 오가나셀피부과의원",서울특별시,동대문구,답십리로,,https://oganaskinddm.com,ogncell-ddm@naver.com,,,,,,naver
예쁜나의원,"병원,의원>피부과",성형외과,성형외과,서울특별시 동대문구 왕산로 185 제일빌딩 2층,서울특별시,동대문구,왕산로,,https://www.yeppeunna.com,,김연정,,,,,naver
서울연세의원,"병원,의원>가정의학과",성형외과,성형외과,서울특별시 동대문구 이문로 188,서울특별시,동대문구,이문로,,,,,,,,,naver
라마르의원 이수역,"병원,의원>피부과",성형외과,성형외과,서울특별시 동작구 동작대로 109 5층 라마르의원,서울특별시,동작구,동작대로,,http://www.isu-lamarskin.com/,,직접시술,,,,,naver
중앙대학교병원,"건강,의료>종합병원",성형외과,성형외과,서울특별시 동작구 흑석로 102 중앙대학교병원,서울특별시,동작구,흑석로,,http://ch.cauhs.or.kr/,,인사말,,,,,naver
스타일미의원,"병원,의원>피부과",성형외과,성형외과,서울특별시 동작구 보라매로5가길 16 보라매아카데미타워 5층,서울특별시,동작구,보라매로5가길,,https://pf.kakao.com/_tfyyl,,,,,,,naver
마이닥터의원,"병원,의원>피부과",성형외과,성형외과,서울특별시 동작구 사당로14길 13 골든빌딩 2층,서울특별시,동작구,사당로14길,,http://www.mydrclinic.co.kr/,akrjsaud13@naver.com,,,,,,naver
톤즈의원 홍대입구역,"병원,의원>피부과",성형외과,성형외과,서울특별시 마포구 양화로 140 6층,서울특별시,마포구,양화로,,https://tonesclinic.co.kr/hongdae,,원장의,,,,,naver
리뉴미피부과의원 홍제점,"병원,의원>피부과",성형외과,성형외과,서울특별시 서대문구 통일로 433 조이빌딩 8층,서울특별시,서대문구,통일로,,http://www.rnmeskin.com/,,원장,,,,,naver
연세장안과의원,"병원,의원>안과",성형외과,성형외과,서울특별시 서대문구 수색로 56 성공타워1 6층 606호,서울특별시,서대문구,수색로,,https://blog.naver.com/yonseijangeye,,,,,,,naver
스타1의원,"병원,의원>성형외과",성형외과,성형외과,서울특별시 서대문구 통일로 415 1F~3F,서울특별시,서대문구,통일로,,http://www.styleps.co.kr/,star16500@naver.com,장택환,,,,,naver
가톨릭대학교 서울성모병원,"건강,의료>종합병원",성형외과,성형외과,서울특별시 서초구 반포대로 222 가톨릭중앙의료원 새병원 및 성의회관,서울특별시,서초구,반포대로,,http://www.cmcseoul.or.kr/,,,,,,,naver
베러미의원 강남,"병원,의원>피부과",성형외과,성형외과,서울특별시 서초구 강남대로 403 11층,서울특별시,서초구,강남대로,,https://gangnam.bettermeclinic.co.kr/,haenashin1225@gmail.com,,,,,,naver
스키니크의원 강남역점,"병원,의원>피부과",성형외과,성형외과,서울특별시 서초구 강남대로69길 10 서호빌딩 4층 스키니크의원,서울특별시,서초구,강남대로69길,,https://youtube.com/@remakasePark,yt-support-solutions-kr@google.com,대한,,,,,naver
미케이의원,"병원,의원>피부과",성형외과,성형외과,서울특별시 서초구 서초대로77길 24 4층,서울특별시,서초구,서초대로77길,,http://www.facebook.com/mikclinic/?notif_id=1730603300587057&notif_t=page_user_activity&ref=notif,,,,,,,naver
샤인더마의원 왕십리,"병원,의원>피부과",성형외과,성형외과,서울특별시 성동구 왕십리로 331 4층,서울특별시,성동구,왕십리로,,http://www.shinederma.com,shinederma11@gmail.com,,,,,,naver
성수멜팅의원,"병원,의원>피부과",성형외과,성형외과,서울특별시 성동구 아차산로 113 삼진빌딩 4층,서울특별시,성동구,아차산로,,https://youtube.com/@seongsu_meltingclinic,yt-support-solutions-kr@google.com,,,,,,naver
제이에스항외과의원,"병원,의원>대장,항문과",성형외과,성형외과,서울특별시 성동구 자동차시장1길 85,서울특별시,성동구,자동차시장1길,,https://blog.naver.com/js_hang25,,,,,,,naver
포이즌의원,"병원,의원>피부과",성형외과,성형외과,서울특별시 성북구 아리랑로 3 기업은행 4층,서울특별시,성북구,아리랑로,,https://blog.naver.com/tgiskin,,,,,,,naver
이든피부과의원,"병원,의원>피부과",성형외과,성형외과,서울특별시 성북구 도봉로 1 1층 103호,서울특별시,성북구,도봉로,,http://edenskin.co.kr,,,,,,,naver
더행복한산부인과의원,"병원,의원>산부인과",성형외과,성형외과,서울특별시 성북구 동소문로 92 강윤빌딩 4층,서울특별시,성북구,동소문로,,http://더행복한산부인과.net/,,박선민,,,,,naver
톡스앤필의원 송파,"병원,의원>피부과",성형외과,성형외과,서울특별시 송파구 송파대로 167 테라타워1 B동 310호,서울특별시,송파구,송파대로,,https://blog.naver.com/toxnfill29,,,,,,,naver
서울병원,"건강,의료>병원,의원",성형외과,성형외과,서울특별시 송파구 오금로 290 서울병원,서울특별시,송파구,오금로,,http://www.seoulmedicalcenter.co.kr/,,역임,,,,,naver
예쁨주의쁨의원 잠실,"병원,의원>피부과",성형외과,성형외과,서울특별시 송파구 올림픽로 96 401호,서울특별시,송파구,올림픽로,,https://blog.naver.com/ppeum000,,,,,,,naver
잠실 비엘에스의원,"병원,의원>피부과",성형외과,성형외과,서울특별시 송파구 석촌호수로 61 트리지움 3층 BLS클리닉,서울특별시,송파구,석촌호수로,,https://blog.naver.com/point_me,,강한별,,,,,naver
리엔장의원 목동,"병원,의원>성형외과",성형외과,성형외과,서울특별시 양천구 오목로 325 대학빌딩 2층,서울특별시,양천구,오목로,,https://intro.lienjang.net/re/Tjwjyk,,,,,,,naver
스텔라의원,"병원,의원>성형외과",성형외과,성형외과,서울특별시 양천구 오목로 350 썬택씨티빌딩 6층,서울특별시,양천구,오목로,,http://www.stellaclinic.co.kr/,,,,,,,naver
미인동안의원,"병원,의원>피부과",성형외과,성형외과,서울특별시 양천구 공항대로 532 3층,서울특별시,양천구,공항대로,,http://www.miindongan.co.kr,,,,,,,naver
이대목동병원,"건강,의료>종합병원",성형외과,성형외과,서울특별시 양천구 안양천로 1071,서울특별시,양천구,안양천로,,https://mokdong.eumc.ac.kr/,,,,,,,naver
아비쥬의원 목동,"병원,의원>피부과",성형외과,성형외과,서울특별시 양천구 목동로 234 경원빌딩 2층,서울특별시,양천구,목동로,,http://www.abijouclinic-md.com,test@web2002.co.kr,,,,,,naver
영등포밴스의원,"병원,의원>피부과",성형외과,성형외과,서울특별시 영등포구 영중로 12 11층 11005호~11009호,서울특별시,영등포구,영중로,,https://yeongdeungpo.vandsclinic.co.kr/,,,,,,,naver
대림성모병원,"건강,의료>종합병원",성형외과,성형외과,서울특별시 영등포구 시흥대로 657 대림성모병원,서울특별시,영등포구,시흥대로,,http://www.drh.co.kr/,,인사말,,,,,naver
서울바른병원,"건강,의료>병원,의원",성형외과,성형외과,서울특별시 영등포구 여의대방로 145,서울특별시,영등포구,여의대방로,,http://www.barun.or.kr,,,,,,,naver
리엔뉴의원,"병원,의원>피부과",성형외과,성형외과,서울특별시 영등포구 의사당대로 127 롯데캐슬엠파이어 2층,서울특별시,영등포구,의사당대로,,http://www.rennew.co.kr,,,,,,,naver
순천향대학교 부속 서울병원,"건강,의료>종합병원",성형외과,성형외과,서울특별시 용산구 대사관로 59,서울특별시,용산구,대사관로,,https://www.youtube.com/@SCHTV,yt-support-solutions-kr@google.com,,,,,,naver
모차르트성형외과의원,"병원,의원>성형외과",성형외과,성형외과,서울특별시 용산구 한강대로 69 용산푸르지오써밋 업무동 7층,서울특별시,용산구,한강대로,,http://www.mozartps.co.kr,,,,,,,naver
연세메디노블의원,"병원,의원>피부과",성형외과,성형외과,"서울특별시 용산구 서빙고로 69 파크타워아파트 106동 1층 24, 26호",서울특별시,용산구,서빙고로,,https://youtube.com/medinobleclinic,yt-support-solutions-kr@google.com,임한석,,,,,naver
가톨릭대학교 은평성모병원,"건강,의료>종합병원",성형외과,성형외과,서울특별시 은평구 통일로 1021,서울특별시,은평구,통일로,,,,,,,,,naver
유드림의원,"병원,의원>피부과",성형외과,성형외과,서울특별시 은평구 통일로 856 제10층 제1018호,서울특별시,은평구,통일로,,http://www.udreamclinic.com/,,,,,,,naver
참본정형외과의원 은평점,"병원,의원>정형외과",성형외과,성형외과,서울특별시 은평구 은평로 170 상현빌딩 3층 305호,서울특별시,은평구,은평로,,http://www.charmbone.com,,,,,,,naver
미즈의원,"건강,의료>병원,의원",성형외과,성형외과,서울특별시 은평구 연서로 246 타워크리닉 4층,서울특별시,은평구,연서로,,http://www.mizslimclinic.co.kr,,국정용,,,,,naver
아이제일산부인과의원,"병원,의원>산부인과",성형외과,성형외과,서울특별시 은평구 서오릉로 81,서울특별시,은평구,서오릉로,,http://www.ijeilob.co.kr/,,,,,,,naver
세란병원,"건강,의료>종합병원",성형외과,성형외과,서울특별시 종로구 통일로 256 세란병원,서울특별시,종로구,통일로,,http://www.seran.co.kr/,,인사말,,,,,naver
아미나요양병원,"건강,의료>요양병원",성형외과,성형외과,서울특별시 종로구 경희궁길 26,서울특별시,종로구,경희궁길,,http://aminahp.com/,,,,,,,naver
종로연세의원,"병원,의원>피부과",성형외과,성형외과,서울특별시 종로구 종로 272 동대문종합시장 신관 7층,서울특별시,종로구,종로,,https://blog.naver.com/m52b28,,,,,,,naver
명동2호점 밴스의원,"병원,의원>피부과",성형외과,성형외과,서울특별시 중구 퇴계로 109 2431빌딩 5층,서울특별시,중구,퇴계로,,https://myeongdong2.vandsclinic.co.kr/?channel=4148,,,,,,,naver
밴스의원 명동,"병원,의원>피부과",성형외과,성형외과,서울특별시 중구 남대문로 90 세미콜론명동 11층,서울특별시,중구,남대문로,,https://myeongdong.vandsclinic.co.kr/?channel=4125,,,,,,,naver
아비쥬의원 명동,"병원,의원>피부과",성형외과,성형외과,서울특별시 중구 남대문로 78 타임워크빌딩 B1층,서울특별시,중구,남대문로,,https://blog.naver.com/abijou0,,,,,,,naver
서울특별시 서울의료원,"건강,의료>종합병원",성형외과,성형외과,서울특별시 중랑구 신내로 156 서울의료원,서울특별시,중랑구,신내로,,https://www.seoulmc.or.kr,,,,,,,naver
청담준의원,"병원,의원>피부과",성형외과,성형외과,서울특별시 중랑구 망우로 322 201~204호,서울특별시,중랑구,망우로,,http://cdjuneclinic.com/,,원장님,,,,,naver
선이비인후과의원,"병원,의원>이비인후과",성형외과,성형외과,서울특별시 중랑구 망우로 353 C동 3층 314호,서울특별시,중랑구,망우로,,https://blog.naver.com/sun-ent,,,,,,,naver
남정형외과의원,"병원,의원>정형외과",성형외과,성형외과,서울특별시 중랑구 용마산로 494 상아빌딩2층,서울특별시,중랑구,용마산로,,https://www.doctornam.com,dr_orthonam@naver.com,전화,,,,,naver
디에스타의원 수원광교,"병원,의원>피부과",성형외과,성형외과,경기도 수원시 영통구 도청로18번길 26 광교중앙역힐스테이트오피스텔상가 3층 326호~330호,경기도,수원시,영통구,,https://diesta.co.kr/,,시그니처,,,,,naver
뷰티온의원 수원망포점,"병원,의원>피부과",성형외과,성형외과,"경기도 수원시 영통구 덕영대로 1470 7층 701, 702호",경기도,수원시,영통구,,http://pf.kakao.com/_eIEHxj,,,,,,,naver
고은미인의원,"병원,의원>성형외과",성형외과,성형외과,경기도 수원시 영통구 봉영로 1612 보보스프라자 7층,경기도,수원시,영통구,,http://www.gounmiin.co.kr/,whryaos@naver.com,,,,,,naver
바른마디병원,"병원,의원>정형외과",성형외과,성형외과,경기도 성남시 중원구 광명로 330,경기도,성남시,중원구,,http://www.barunjoint.kr/,,장정민,,,,,naver
베일러연세이비인후과의원,"병원,의원>이비인후과",성형외과,성형외과,경기도 성남시 분당구 성남대로 385 분당클리닉 3층 부설 난청센터 2층,경기도,성남시,분당구,,http://www.bayloryonsei.com/,,,,,,,naver
사적인 아름다움 지유의원 일산점,"병원,의원>피부과",성형외과,성형외과,경기도 고양시 일산동구 정발산로 21 501호,경기도,고양시,일산동구,,https://ilsan.gu.clinic/kr,,,,,,,naver
미앤미의원 일산,"병원,의원>피부과",성형외과,성형외과,경기도 고양시 일산동구 정발산로 43-20 센트럴프라자 8층 미앤미의원 일산,경기도,고양시,일산동구,,http://is.mipretty.co.kr/,webtick@gmail.com,시술,,,,,naver
스킨딥의원,"병원,의원>피부과",성형외과,성형외과,경기도 용인시 수지구 성복2로 52 세호빌딩 2층,경기도,용인시,수지구,,https://skindeep.co.kr/,,,,,,,naver
초이스이비인후과의원,"병원,의원>이비인후과",성형외과,성형외과,경기도 용인시 수지구 신봉2로 2 센트랄500상가 145호,경기도,용인시,수지구,,https://blog.naver.com/yonginchoice,,,,,,,naver
루비의원 수지점,"병원,의원>피부과",성형외과,성형외과,경기도 용인시 수지구 고기로 437 4층,경기도,용인시,수지구,,https://rubyclinic-suji.com,,이미지,,,,,naver
수지베스트내과의원,"병원,의원>내과",성형외과,성형외과,경기도 용인시 수지구 풍덕천로 127 4층,경기도,용인시,수지구,,http://www.sujibestim.co.kr,,,,,,,naver
본이비인후과의원,"병원,의원>이비인후과",성형외과,성형외과,경기도 용인시 수지구 광교중앙로 320,경기도,용인시,수지구,,,,,,,,,naver
더피부과의원,"병원,의원>피부과",성형외과,성형외과,경기도 부천시 원미구 신흥로 226 4층,경기도,부천시,원미구,,http://t-skin.co.kr/,,,,,,,naver
포커스성형외과의원,"병원,의원>성형외과",성형외과,성형외과,경기도 부천시 원미구 길주로 284,경기도,부천시,원미구,,http://www.focusps.co.kr,,,,,,,naver
잇츠미의원 안산점,"병원,의원>피부과",성형외과,성형외과,경기도 안산시 단원구 고잔1길 7 석탑프라자 6층,경기도,안산시,단원구,,http://ans.its-me.co.kr/,content.itsme.clinic@gmail.com,최신학술,,,,,naver
닥터디자이너의원 안산,"병원,의원>피부과",성형외과,성형외과,경기도 안산시 단원구 고잔1길 33 봉산빌딩 3층,경기도,안산시,단원구,,https://drdclinic.co.kr/ansan/,,길보경,,,,,naver
의료법인 칠석의료재단 사랑의병원,"건강,의료>종합병원",성형외과,성형외과,경기도 안산시 상록구 예술광장로 69,경기도,안산시,상록구,,http://www.sarangmc.co.kr/,,인사말,,,,,naver
미앤미의원 안산,"병원,의원>피부과",성형외과,성형외과,경기도 안산시 단원구 고잔1길 7 3층 미앤미의원 안산,경기도,안산시,단원구,,http://as.mipretty.co.kr/,webtick@gmail.com,오원석,,,,,naver
포에버의원 안양,"병원,의원>피부과",성형외과,성형외과,경기도 안양시 동안구 시민대로 214 다운타운빌딩 302호,경기도,안양시,동안구,,https://ay.4-ever.co.kr,,,,,,,naver
톡스앤필의원 안양,"병원,의원>피부과",성형외과,성형외과,경기도 안양시 동안구 시민대로 202 에메랄드빌딩 12층 톡스앤필 안양,경기도,안양시,동안구,,http://www.toxnfill28.com,bbg@bbgnetworks.com,피부,,,,,naver
유앤아이의원 안양점,"병원,의원>피부과",성형외과,성형외과,경기도 안양시 동안구 시민대로 161 안양무역센터 3층,경기도,안양시,동안구,,https://www.ayuni114.co.kr/,mdvision@nate.com,김현준,,,,,naver
미앤미의원 범계,"병원,의원>피부과",성형외과,성형외과,경기도 안양시 동안구 시민대로 171 금강벤처텔 3층,경기도,안양시,동안구,,http://pc.branch.mimimi.co.kr/,webtick@gmail.com,김대호,,,,,naver
밴스의원 다산,"병원,의원>피부과",성형외과,성형외과,경기도 남양주시 다산중앙로146번길 22 3층,경기도,남양주시,다산중앙로146번길,,https://dasan.vandsclinic.co.kr/?channel=308&detailChannel=0&gChannel=0,,,,,,,naver
아쥬르의원 다산점,"병원,의원>성형외과",성형외과,성형외과,경기도 남양주시 다산순환로 158 다산안강럭스나인 2층 아쥬르의원,경기도,남양주시,다산순환로,,https://www.instagram.com/ajour_clinic/,,,,,,,naver
소화연의원,"병원,의원>피부과",성형외과,성형외과,"경기도 남양주시 다산중앙로 153 아이비플레이스상가 2층, 205호~207호",경기도,남양주시,다산중앙로,,http://shyclinic.co.kr,,이운섭입,,,,,naver
다산바른본정형외과의원,"병원,의원>정형외과",성형외과,성형외과,경기도 남양주시 다산중앙로123번길 9 로데오프라자 4층,경기도,남양주시,다산중앙로123번길,,http://dasan85bone.co.kr,,,,,,,naver
뷰티온의원 별내점,"병원,의원>피부과",성형외과,성형외과,"경기도 남양주시 별내중앙로 24 이레타워 10층(1002호, 1003호)",경기도,남양주시,별내중앙로,,https://byeolnae.beautyon.co.kr/,beautyonmd@gmail.com,박수진,,,,,naver
삼성로즈산부인과의원,"병원,의원>산부인과",성형외과,성형외과,경기도 화성시 효행구 봉담읍 상리2길 51 토마토메티컬 602호,경기도,화성시,효행구,,http://www.samsungrose.com,,,,,,,naver
봉담튼튼정형외과의원,"병원,의원>정형외과",성형외과,성형외과,경기도 화성시 효행구 봉담읍 동화길 81-10 상도프라자 5층,경기도,화성시,효행구,,http://bongdamtntn.blogspot.com/,,,,,,,naver
봉담삼육오웰의원,"건강,의료>병원,의원",성형외과,성형외과,"경기도 화성시 효행구 봉담읍 와우로 24 도원프라자 A동 301, 302호",경기도,화성시,효행구,,https://blog.naver.com/bongdam365well,,,,,,,naver
김남윤통증의학과의원,"병원,의원>마취통증의학과",성형외과,성형외과,"경기도 화성시 효행구 봉담읍 동화길 85 이원타워 6층 601, 602호",경기도,화성시,효행구,,,,,,,,,naver
뷰티온의원 평택고덕점,"병원,의원>피부과",성형외과,성형외과,경기도 평택시 고덕중앙로 218 우성메디컬센터 5층 507호~512호,경기도,평택시,고덕중앙로,,https://pyeongtaek.beautyon.co.kr/,beautyonmd@gmail.com,김찬우,,,,,naver
톡스앤필의원 평택점,"병원,의원>피부과",성형외과,성형외과,경기도 평택시 중앙2로 16 셀럽프라자 5층,경기도,평택시,중앙2로,,http://www.toxnfill31.com,bbg@bbgnetworks.com,피부,,,,,naver
유앤아이의원 의정부점,"병원,의원>피부과",성형외과,성형외과,경기도 의정부시 천보로 44 해동본타워 4층,경기도,의정부시,천보로,,https://www.ujbuni114.co.kr/,mdvision@nate.com,김정효,,,,,naver
블리비의원 의정부점,"병원,의원>피부과",성형외과,성형외과,경기도 의정부시 시민로 83 광장타워 6층,경기도,의정부시,시민로,,http://www.velyb.kr,,,,,,,naver
타토아의원 의정부,"병원,의원>피부과",성형외과,성형외과,경기도 의정부시 시민로 80 센트럴타워 801호,경기도,의정부시,시민로,,https://blog.naver.com/tatoa_uj,,,,,,,naver
시화병원,"건강,의료>종합병원",성형외과,성형외과,경기도 시흥시 군자천로 381 시화병원,경기도,시흥시,군자천로,,http://www.shhosp.co.kr,"m1073@shhosp.co.kr, shhosp7000@naver.com",인사말,,,,,naver
엘뷰티의원,"병원,의원>피부과",성형외과,성형외과,경기도 시흥시 서울대학로278번길 34 319호 엘뷰티의원,경기도,시흥시,서울대학로278번길,,http://lbeautyclinic.co.kr/,lbeautyclinic@naver.com,,,,,,naver
굿모닝미항외과의원,"병원,의원>대장,항문과",성형외과,성형외과,경기도 시흥시 정왕대로 230 제일프라자 3층,경기도,시흥시,정왕대로,,http://www.goodmihang.com/,,강동범,,,,,naver
리얼유의원,"병원,의원>피부과",성형외과,성형외과,"경기도 시흥시 은계번영길 23 은계타운 4층 405호, 406호",경기도,시흥시,은계번영길,,http://www.realyou.co.kr,,,,,,,naver
뷰티앤디지털치과병원,"병원,의원>치과",성형외과,성형외과,"경기도 파주시 경의로1240번길 19 월드타워15차 7층, 8층",경기도,파주시,경의로1240번길,,http://bndh.co.kr/,,,,,,,naver
으뜸정형외과의원,"병원,의원>정형외과",성형외과,성형외과,경기도 파주시 와석순환로 133 형성프라자 3층 301호,경기도,파주시,와석순환로,,http://osno1.co.kr,,,,,,,naver
미소래병원,"건강,의료>병원,의원",성형외과,성형외과,경기도 파주시 금정7길 29 미소래병원,경기도,파주시,금정7길,,https://www.misorae.com/,,이미지,,,,,naver
문산중앙병원,"건강,의료>병원,의원",성형외과,성형외과,경기도 파주시 문산읍 문향로39번길 53 문산중앙병원,경기도,파주시,문산읍,,http://www.mjhs.co.kr/,,,,,,,naver
청담루미앤의원,"병원,의원>피부과",성형외과,성형외과,경기도 김포시 태장로 784 한강블루 6층,경기도,김포시,태장로,,https://www.instagram.com/lumiamskin/,,,,,,,naver
한상준항외과의원,"병원,의원>대장,항문과",성형외과,성형외과,경기도 김포시 김포한강11로 139-33 4층,경기도,김포시,김포한강11로,,https://blog.naver.com/hsjhang_,,,,,,,naver
다시봄날의원 김포,"병원,의원>피부과",성형외과,성형외과,"경기도 김포시 김포한강4로 513 4층 406, 407호",경기도,김포시,김포한강4로,,https://gp.springdayclinic.com/,,이미지,,,,,naver
서울여성병원,"병원,의원>산부인과",성형외과,성형외과,경기도 김포시 김포대로 829 서울여성병원,경기도,김포시,김포대로,,http://www.swhospital.co.kr/,hangbokhanna@naver.com,인사말,,,,,naver
닥터스피부과의원 광명철산,"병원,의원>피부과",성형외과,성형외과,경기도 광명시 오리로 870 8층,경기도,광명시,오리로,,https://gwangmyeong.doctors365.co.kr,doctors365@naver.com,,,,,,naver
중앙대학교광명병원,"건강,의료>종합병원",성형외과,성형외과,경기도 광명시 덕안로 110 중앙대학교광명병원,경기도,광명시,덕안로,,https://gh.cauhs.or.kr,,인사말,,,,,naver
벗이비인후과의원 광명점,"병원,의원>이비인후과",성형외과,성형외과,경기도 광명시 금하로 464 4층,경기도,광명시,금하로,,http://www.friendclinic.co.kr/,,,,,,,naver
더그레이스의원,"병원,의원>피부과",성형외과,성형외과,"경기도 광주시 태전중앙로 20 301, 302호",경기도,광주시,태전중앙로,,http://thegrace.info/,,클리닉,,,,,naver
서울휴내과이비인후과의원,"병원,의원>내과",성형외과,성형외과,경기도 광주시 초월읍 경충대로 1083 SM플라자 3층,경기도,광주시,초월읍,,http://www.hue-clinic.net/,,,,,,,naver
아이웰빙의원,"병원,의원>내과",성형외과,성형외과,경기도 광주시 고불로 44 위너스빌딩,경기도,광주시,고불로,,,,,,,,,naver
톡스앤미의원,"건강,의료>병원,의원",성형외과,성형외과,경기도 광주시 중앙로 101 광주클리닉 4층,경기도,광주시,중앙로,,http://www.tnmee.com,,,,,,,naver
산본노블클래식의원,"병원,의원>피부과",성형외과,성형외과,경기도 군포시 산본로323번길 16-12 센터빌딩 B동 8층,경기도,군포시,산본로323번길,,http://www.noblesb.com/,,김동욱,,,,,naver
효산의료재단 지샘병원,"건강,의료>종합병원",성형외과,성형외과,경기도 군포시 군포로 591,경기도,군포시,군포로,,http://www.gsamhospital.com/,yt-support-solutions-kr@google.com,인사말,,,,,naver
열린연세정형외과의원,"병원,의원>정형외과",성형외과,성형외과,경기도 군포시 산본천로 56 센트로601오피스텔 4층,경기도,군포시,산본천로,,http://www.yyos.co.kr/,khk30697@naver.com,김현곤,,,,,naver
연세항맥외과의원,"병원,의원>대장,항문과",성형외과,성형외과,경기도 군포시 군포로 470 경림빌딩,경기도,군포시,군포로,,http://yonseihang.ad-media.kr/main,,,,,,,naver
젊은눈안과의원,"병원,의원>안과",성형외과,성형외과,경기도 군포시 금산로 104 5층,경기도,군포시,금산로,,http://youngeyeclinic.co.kr/,,,,,,,naver
하남스타의원 하남미사,"병원,의원>피부과",성형외과,성형외과,경기도 하남시 미사대로 750 하남스타필드 3층,경기도,하남시,미사대로,,https://blog.naver.com/hnstar_,,,,,,,naver
뷰티오션의원 하남감일,"병원,의원>피부과",성형외과,성형외과,경기도 하남시 감일중앙로 60 벨솔레파크 4층 뷰티오션의원 하남감일,경기도,하남시,감일중앙로,,https://boclinicfirst.com/,,김정현,,,,,naver
리엔장의원 하남미사,"병원,의원>피부과",성형외과,성형외과,"경기도 하남시 미사강변동로 95 그랑파사쥬 3층 3030, 3031호",경기도,하남시,미사강변동로,,https://intro.lienjang.net/re/Bokeie,,,,,,,naver
두리이비인후과의원 오산,"병원,의원>이비인후과",성형외과,성형외과,경기도 오산시 경기대로 155 신한프라자 2층,경기도,오산시,경기대로,,http://dooriosan.com/,,,,,,,naver
세교서울이비인후과의원,"병원,의원>이비인후과",성형외과,성형외과,경기도 오산시 내삼미로79번길 11,경기도,오산시,내삼미로79번길,,,,,,,,,naver
밝은안과의원,"병원,의원>안과",성형외과,성형외과,"경기도 오산시 대원로 8 2, 3층",경기도,오산시,대원로,,http://www.lasikpia.co.kr/,,정재욱,,,,,naver
365종합의원,"건강,의료>병원,의원",성형외과,성형외과,경기도 오산시 경기대로 133 1층 101호,경기도,오산시,경기대로,,,,,,,,,naver
미올린의원 오산,"병원,의원>피부과",성형외과,성형외과,경기도 오산시 내삼미로 83 센타프라자 502~504호,경기도,오산시,내삼미로,,https://booking.naver.com/booking/13/bizes/691625,"miollin2@naver.com, trustnhope@naver.com",,,,,,naver
마리나산부인과의원,"병원,의원>산부인과",성형외과,성형외과,경기도 이천시 경충대로 2564,경기도,이천시,경충대로,,http://www.marinaobgy.co.kr/,,신현태,,,,,naver
닥터스피부과의원 이천,"병원,의원>피부과",성형외과,성형외과,경기도 이천시 이섭대천로 1203 4층,경기도,이천시,이섭대천로,,https://icheon.doctors365.co.kr,doctors365@naver.com,,,,,,naver
이천톡스앤필의원,"병원,의원>피부과",성형외과,성형외과,경기도 이천시 이섭대천로 1213 시계탑빌딩 5층,경기도,이천시,이섭대천로,,http://www.toxnfill40.com,bbg@bbgnetworks.com,피부,,,,,naver
이천새빛안과의원,"병원,의원>안과",성형외과,성형외과,경기도 이천시 이섭대천로 1233 화창빌딩,경기도,이천시,이섭대천로,,,,,,,,,naver
청담모델성형외과의원,"병원,의원>성형외과",성형외과,성형외과,경기도 이천시 이섭대천로 1242 4층,경기도,이천시,이섭대천로,,http://www.modelps.com,cdmodelps@gmail.com,김치선,,,,,naver
연세아산산부인과의원,"병원,의원>산부인과",성형외과,성형외과,경기도 안성시 중앙로 374 메디스퀘어 4층 403호,경기도,안성시,중앙로,,https://blog.naver.com/yonseiasan,,,,,,,naver
하나여성의원,"병원,의원>피부과",성형외과,성형외과,경기도 안성시 안성맞춤대로 1043 3층 하나여성의원,경기도,안성시,안성맞춤대로,,https://blog.naver.com/hanawomanclinic,,,,,,,naver
삼성서울안과의원,"병원,의원>안과",성형외과,성형외과,경기도 안성시 중앙로 374 메디스퀘어 2층 201호,경기도,안성시,중앙로,,,,,,,,,naver
중앙의원,"건강,의료>병원,의원",성형외과,성형외과,경기도 안성시 대덕면 서동대로 4723 301호,경기도,안성시,대덕면,,,,,,,,,naver
권이비인후과의원,"병원,의원>이비인후과",성형외과,성형외과,경기도 의왕시 계원대학로 2 롯데프라자,경기도,의왕시,계원대학로,,,,,,,,,naver
시티병원,"건강,의료>병원,의원",성형외과,성형외과,경기도 의왕시 오전천로 29 2층 외래,경기도,의왕시,오전천로,,https://www.uwcityhospital.com/,"0e6a29e4756740a8a63493e912ba2174@sentry.wixpress.com, 1eeb89147c984dc6bc3ffafd9e6cd089@sentry.wixpress.com, 2062d0a4929b45348643784b5cb39c36@sentry.wixpress.com, 271e9fa3230b4eec94b02bf95780f5f2@sentry.wixpress.com, 460ff4620fa44cba8df530afde949785@sentry.wixpress.com, 605a7baede844d278b89dc95ae0a9123@sentry-next.wixpress.com, 8c30b2581acc426badc414e8a5dc04ef@sentry.wixpress.com, 8c4075d5481d476e945486754f783364@sentry.io, 8eb368c655b84e029ed79ad7a5c1718e@sentry.wixpress.com, 9a65e97ebe8141fca0c4fd686f70996b@sentry.wixpress.com, baf30a2b91654c5a840931f0137bed30@sentry.wixpress.com, bfb679c754744c58a7374ee6e25cfc13@sentry.wixpress.com, c183baa23371454f99f417f6616b724d@sentry.wixpress.com, dd0a55ccb8124b9c9d938e3acf41f8aa@sentry.wixpress.com, ed436f5053144538958ad06a5005e99a@sentry.wixpress.com",,,,,,naver
미래이비인후과의원,"병원,의원>이비인후과",성형외과,성형외과,경기도 의왕시 모락로 16 현대프라자 3층,경기도,의왕시,모락로,,https://blog.naver.com/foxsery,,,,,,,naver
우리효요양병원,"건강,의료>요양병원",성형외과,성형외과,경기도 의왕시 경수대로 361-9 인현빌딩,경기도,의왕시,경수대로,,http://www.wrhyo.co.kr/,,,,,,,naver
두리이비인후과의원,"병원,의원>이비인후과",성형외과,성형외과,경기도 양주시 옥정로 196 파스텔시티 6층,경기도,양주시,옥정로,,https://yjdoorient.com/,,이미지,,,,,naver
아산재건정형외과의원,"병원,의원>정형외과",성형외과,성형외과,"경기도 양주시 고읍남로 18 가보프라자 3층, 4층, 6층, 7층",경기도,양주시,고읍남로,,https://asanrecon.com,,핫라인,,,,,naver
성모안과의원,"병원,의원>안과",성형외과,성형외과,경기도 양주시 회정로 120,경기도,양주시,회정로,,,,,,,,,naver
양주우리병원,"건강,의료>병원,의원",성형외과,성형외과,경기도 양주시 광적면 백은로 261,경기도,양주시,광적면,,http://yangjuwoori.com/,,,,,,,naver
백외과의원 구리역,"병원,의원>대장,항문과",성형외과,성형외과,경기도 구리시 경춘로 253 다우스퀘어 3층,경기도,구리시,경춘로,,http://www.baekhospital.com/,magelan@dreamwiz.com,경력,,,,,naver
에스필의원,"건강,의료>병원,의원",성형외과,성형외과,경기도 구리시 건원대로 3 흥화브라운오피스텔 3층,경기도,구리시,건원대로,,http://s-feelclinic.co.kr/,,강성곤,,,,,naver
한양대학교구리병원,"건강,의료>종합병원",성형외과,성형외과,경기도 구리시 경춘로 153 한양대학교구리병원,경기도,구리시,경춘로,,http://guri.hyumc.com/,hmc119@hyumc.com,인사말,,,,,naver
포에버의원 구리,"병원,의원>피부과",성형외과,성형외과,경기도 구리시 경춘로 239 리맥스쇼핑타운 7층,경기도,구리시,경춘로,,https://gr.4-ever.co.kr,,,,,,,naver
오운의원 구리점,"병원,의원>피부과",성형외과,성형외과,경기도 구리시 산마루로 5 대방디엠시티 3층,경기도,구리시,산마루로,,https://guri.own-clinic.com/,,임승혁,,,,,naver
송우신안과의원,"병원,의원>안과",성형외과,성형외과,경기도 포천시 소흘읍 봉솔로5길 27 삼성프라자 5층,경기도,포천시,소흘읍,,http://www.sweye.co.kr/,,신승환,,,,,naver
메리엘산부인과의원,"병원,의원>산부인과",성형외과,성형외과,경기도 포천시 소흘읍 송우로 62 송우웰빙타운 3층,경기도,포천시,소흘읍,,http://www.jwomenclinic.com/,user@domain.com,,,,,,naver
이동의원,"건강,의료>병원,의원",성형외과,성형외과,경기도 포천시 이동면 장암1길 11,경기도,포천시,이동면,,,,,,,,,naver
삼성신경정신과의원,"병원,의원>정신건강의학과",성형외과,성형외과,경기도 여주시 여흥로109번길 15 동방빌딩 2층 삼성신경정신과의원,경기도,여주시,여흥로109번길,,http://www.samsung-clinic.kr/,1260abc@naver.com,,,,,,naver
한사랑의원,"건강,의료>병원,의원",성형외과,성형외과,경기도 여주시 여흥로47번길 21,경기도,여주시,여흥로47번길,,,,,,,,,naver
동두천중앙성모병원,"건강,의료>병원,의원",성형외과,성형외과,경기도 동두천시 동광로 53 동두천중앙성모병원,경기도,동두천시,동광로,,https://pf.kakao.com/_yfFLj,,,,,,,naver
늘푸른정형외과의원,"병원,의원>정형외과",성형외과,성형외과,"경기도 동두천시 지행로 59 M크리닉센터 2층, 6층, 7층",경기도,동두천시,지행로,,,,,,,,,naver
서울이비인후과의원,"병원,의원>이비인후과",성형외과,성형외과,경기도 동두천시 지행로 50 성지에스앤비타워,경기도,동두천시,지행로,,,,,,,,,naver
제니성형외과의원,"병원,의원>성형외과",성형외과,성형외과,경기도 동두천시 지행로 59 5층,경기도,동두천시,지행로,,https://blog.naver.com/jennyps,,,,,,,naver
다시봄날의원 과천점,"병원,의원>피부과",성형외과,성형외과,경기도 과천시 과천대로7길 33 디테크타워 B동 1층 121-123호,경기도,과천시,과천대로7길,,http://gc.springdayclinic.com,,이미지,,,,,naver
김지영산부인과,"병원,의원>산부인과",성형외과,성형외과,경기도 과천시 별양상가3로 5 2층,경기도,과천시,별양상가3로,,https://blog.naver.com/kjyobgy1129,,,,,,,naver
미즈킨의원,"병원,의원>피부과",성형외과,성형외과,경기도 과천시 별양상가3로 11,경기도,과천시,별양상가3로,,http://www.mizkin.com/,,,,,,,naver
가평사랑정형외과의원,"병원,의원>정형외과",성형외과,성형외과,경기도 가평군 가평읍 정간내로 1 1층~3층,경기도,가평군,가평읍,,,,,,,,,naver
우리들의원,"병원,의원>내과",성형외과,성형외과,경기도 가평군 설악면 신천중앙로88번길 1 우리들의원,경기도,가평군,설악면,,,,,,,,,naver
설악의원,"병원,의원>외과",성형외과,성형외과,경기도 가평군 설악면 한서로 9 설악의원,경기도,가평군,설악면,,,,,,,,,naver
성모의원,"건강,의료>병원,의원",성형외과,성형외과,경기도 가평군 가평읍 가화로 75 성모의원,경기도,가평군,가평읍,,,,,,,,,naver
양평맑은피부과의원,"병원,의원>피부과",성형외과,성형외과,경기도 양평군 양평읍 시민로20번길 2 3층,경기도,양평군,양평읍,,http://instagram.com/yp.clean_dermatology,,,,,,,naver
보셀르의원,"병원,의원>피부과",성형외과,성형외과,"경기도 양평군 양평읍 중앙로 68 1층, 2층",경기도,양평군,양평읍,,https://www.ypbocelle.com/,hye505@naver.com,직접,,,,,naver
김앤정정형외과의원,"병원,의원>정형외과",성형외과,성형외과,경기도 양평군 양평읍 시민로 53,경기도,양평군,양평읍,,https://김앤정정형외과.com,,이미지,,,,,naver
국립교통재활병원,"건강,의료>국립병원",성형외과,성형외과,경기도 양평군 양평읍 중앙로 260,경기도,양평군,양평읍,,http://www.ntrh.or.kr,ntrhko@ntrh.or.kr,방문석,,,,,naver
